ticker,name,price,marketcap,volume,volumeavg,priceopen,low,high,close,change,changepct,closeyest,date,high52,low52,beta,shares,pe,eps,sector,industry,description,exchange,ceo,country,ipodate,isetf,isfund,isactive,web_url,image,currency,employees,city,state,phone,address,dividend_yield,fetched_at,profile_fetched_at,returnOnEquity,returnOnAssets,grossMargin,operatingMargin,profitMargin,revenueGrowth,earningsGrowth,revenue,ebitda,freeCashFlow,netIncome,stockBasedComp,priceToBook,evToEbitda,evToRevenue,totalDebt,totalEquity,totalAssets,cash,expenseRatio,currentRatio,quickRatio,debtToEquity,payoutRatio,pegRatio,heldPctInsiders,heldPctInstitutions,shortPctFloat,asset_class
^125904-USD-STRD,MSCI EUROPE,2685.040039,,0,0,2717.73999,2678.570068,2717.73999,2685.040039,-44.169922,-1.618414,2729.209961,2026-10-07,,,,,,,Indices,Stock Index,,MSC,,,,false,false,true,,,,,,,,,,2026-10-07T15:29:32+00:00,2026-10-07T15:29:32+00:00,,,,,,,,,,,,,,,,,,,,,,,,,,,,,Index
^AXJO,S&P/ASX 200 [XJO],8727.700195,,0,749056,8735.700195,8703.299805,8753.900391,8727.700195,-8,-0.091578,8735.700195,2026-10-07,,,,,,,Indices,Stock Index,,ASX,,,,false,false,true,,,AUD,,,,,,,2026-10-07T15:29:34+00:00,2026-10-07T15:29:34+00:00,,,,,,,,,,,,,,,,,,,,,,,,,,,,,Index
^BFX,BEL 20,5527.75,,0,4805873,5522.47998,5505.319824,5537.649902,5527.75,-42.240234,-0.758354,5569.990234,2026-10-07,,,,,,,Indices,Stock Index,,BRU,,,,false,false,true,,,EUR,,,,,,,2026-10-07T15:29:35+00:00,2026-10-07T15:29:35+00:00,,,,,,,,,,,,,,,,,,,,,,,,,,,,,Index
^BSESN,S&P BSE SENSEX,72638.703125,,0,17176,72965.382812,72468.71875,73018.820312,72638.703125,-429.109375,-0.587276,73067.8125,2026-10-07,,,,,,,Indices,Stock Index,,BSE,,,,false,false,true,,,INR,,,,,,,2026-10-07T15:29:37+00:00,2026-10-07T15:29:37+00:00,,,,,,,,,,,,,,,,,,,,,,,,,,,,,Index
^BUK100P,Cboe UK 100,1037.972656,,0,0,1046.574951,1036.54834,1046.574951,1037.972656,-8.6073,-0.822422,1046.579956,2026-10-07,,,,,,,Indices,Stock Index,,STU,,,,false,false,true,,,GBP,,,,,,,2026-10-07T15:29:38+00:00,2026-10-07T15:29:38+00:00,,,,,,,,,,,,,,,,,,,,,,,,,,,,,Index
^BVSP,IBOVESPA,205059.859375,,0,8948640,205836.171875,204603.90625,206877.46875,205059.859375,-775.140625,-0.376583,205835,2026-10-07,,,,,,,Indices,Stock Index,,SAO,,,,false,false,true,,,BRL,,,,,,,2026-10-07T15:29:40+00:00,2026-10-07T15:29:40+00:00,,,,,,,,,,,,,,,,,,,,,,,,,,,,,Index
^CASE30,EGX 30 Price Return Index,53265.199219,,172574000,,53293.300781,53059.898438,53511.898438,53265.199219,,,,2026-10-07,,,,,,,Indices,Stock Index,,CAI,,,,false,false,true,,,EGP,,,,,,,2026-10-07T15:29:41+00:00,2026-10-07T15:29:41+00:00,,,,,,,,,,,,,,,,,,,,,,,,,,,,,Index
^DJI,Dow Jones Industrial Average,50984.179688,,120810690,457865156,51406.441406,50917.421875,51406.441406,50984.179688,-537.101562,-1.042485,51521.28125,2026-10-07,,,,,,,Indices,Stock Index,,DJI,,,,false,false,true,,,USD,,,,,,,2026-10-07T15:29:43+00:00,2026-10-07T15:29:43+00:00,,,,,,,,,,,,,,,,,,,,,,,,,,,,,Index
^FCHI,CAC 40,7768.430176,,0,57256630,7813.080078,7743.549805,7840.350098,7768.430176,-96.639648,-1.22872,7865.069824,2026-10-07,,,,,,,Indices,Stock Index,,PAR,,,,false,false,true,,,EUR,,,,,,,2026-10-07T15:29:44+00:00,2026-10-07T15:29:44+00:00,,,,,,,,,,,,,,,,,,,,,,,,,,,,,Index
^FTSE,FTSE 100,10463.320312,,0,786314342,10542.179688,10447.929688,10542.179688,10463.320312,-78.379883,-0.743522,10541.700195,2026-10-07,,,,,,,Indices,Stock Index,,FGI,,,,false,false,true,,,GBP,,,,,,,2026-10-07T15:29:45+00:00,2026-10-07T15:29:45+00:00,,,,,,,,,,,,,,,,,,,,,,,,,,,,,Index
^GDAXI,DAX P,25089.240234,,0,52384406,25280.669922,25038.509766,25347.089844,25089.240234,-359.949219,-1.414384,25449.189453,2026-10-07,,,,,,,Indices,Stock Index,,GER,,,,false,false,true,,,EUR,,,,,,,2026-10-07T15:29:46+00:00,2026-10-07T15:29:46+00:00,,,,,,,,,,,,,,,,,,,,,,,,,,,,,Index
^GSPC,S&P 500,7776.089844,,782782719,5019532656,7792.97998,7763.339844,7792.97998,7776.089844,-42.840332,-0.547905,7818.930176,2026-10-07,,,,,,,Indices,Stock Index,,SNP,,,,false,false,true,,,USD,,,,,,,2026-10-07T15:29:48+00:00,2026-10-07T15:29:48+00:00,,,,,,,,,,,,,,,,,,,,,,,,,,,,,Index
^GSPTSE,S&P/TSX Composite index,35051.488281,,65798438,259296773,35467.628906,35024.011719,35467.628906,35051.488281,-598.011719,-1.677476,35649.5,2026-10-07,,,,,,,Indices,Stock Index,,TSI,,,,false,false,true,,,CAD,,,,,,,2026-10-07T15:29:49+00:00,2026-10-07T15:29:49+00:00,,,,,,,,,,,,,,,,,,,,,,,,,,,,,Index
^HSI,HANG SENG INDEX,24130.5,,0,2876028125,24172.289062,24071.410156,24266.919922,24130.5,-150.060547,-0.618028,24280.560547,2026-10-07,,,,,,,Indices,Stock Index,,HKG,,,,false,false,true,,,HKD,,,,,,,2026-10-07T15:29:50+00:00,2026-10-07T15:29:50+00:00,,,,,,,,,,,,,,,,,,,,,,,,,,,,,Index
^IXIC,NASDAQ Composite,27419.759766,,2658358000,8051604687,27430.535156,27341.308594,27458.275391,27419.759766,-180.029297,-0.652285,27599.789062,2026-10-07,,,,,,,Indices,Stock Index,,NIM,,,,false,false,true,,,USD,,,,,,,2026-10-07T15:29:53+00:00,2026-10-07T15:29:53+00:00,,,,,,,,,,,,,,,,,,,,,,,,,,,,,Index
^JKSE,IDX COMPOSITE,6146.724121,,0,315433355,6210.416016,6136.190918,6214.76416,6146.724121,-46.202637,-0.746055,6192.926758,2026-10-07,,,,,,,Indices,Stock Index,,JKT,,,,false,false,true,,,IDR,,,,,,,2026-10-07T15:29:54+00:00,2026-10-07T15:29:54+00:00,,,,,,,,,,,,,,,,,,,,,,,,,,,,,Index
^JN0U.JO,Top 40 USD Net TRI Index,6416.959961,,0,0,6558.490234,6321.049805,6569.870117,6416.959961,-162.560059,-2.470698,6579.52002,2026-10-07,,,,,,,Indices,Stock Index,,JNB,,,,false,false,true,,,USD,,,,,,,2026-10-07T15:29:56+00:00,2026-10-07T15:29:56+00:00,,,,,,,,,,,,,,,,,,,,,,,,,,,,,Index
^KLSE,FTSE Bursa Malaysia KLCI,1611.780029,,0,211259067,1633.540039,1610.550049,1633.540039,1611.780029,-21.569946,-1.320596,1633.349976,2026-10-07,,,,,,,Indices,Stock Index,,KLS,,,,false,false,true,,,MYR,,,,,,,2026-10-07T15:29:57+00:00,2026-10-07T15:29:57+00:00,,,,,,,,,,,,,,,,,,,,,,,,,,,,,Index
^KS11,KOSPI Composite Index,,,269959,334895,6864.25,6803.810059,6977.77002,,,,6941.390137,2026-10-07,,,,,,,Indices,Stock Index,,KSC,,,,false,false,true,,,KRW,,,,,,,2026-10-07T15:29:58+00:00,2026-10-07T15:29:58+00:00,,,,,,,,,,,,,,,,,,,,,,,,,,,,,Index
^MERV,MERVAL,2832660.75,,0,0,2896853.25,2828067,2897819,2832660.75,-64192.25,-2.215931,2896853,2026-10-07,,,,,,,Indices,Stock Index,,BUE,,,,false,false,true,,,,,,,,,,2026-10-07T15:29:59+00:00,2026-10-07T15:29:59+00:00,,,,,,,,,,,,,,,,,,,,,,,,,,,,,Index
^MXX,IPC MEXICO,64445.460938,,19530188,146494531,65284.359375,64401.570312,65284.359375,64445.460938,-867,-1.327465,65312.460938,2026-10-07,,,,,,,Indices,Stock Index,,MEX,,,,false,false,true,,,MXN,,,,,,,2026-10-07T15:30:00+00:00,2026-10-07T15:30:00+00:00,,,,,,,,,,,,,,,,,,,,,,,,,,,,,Index
^N100,Euronext 100 Index,1858.390015,,0,333621693,1882.290039,1852.069946,1882.290039,1858.390015,-25.299927,-1.343105,1883.689941,2026-10-07,,,,,,,Indices,Stock Index,,PAR,,,,false,false,true,,,EUR,,,,,,,2026-10-07T15:30:01+00:00,2026-10-07T15:30:01+00:00,,,,,,,,,,,,,,,,,,,,,,,,,,,,,Index
^N225,Nikkei 225,,,0,164773333,70582.109375,70017.1875,70793.289062,,,,70683.976562,2026-10-07,,,,,,,Indices,Stock Index,,OSA,,,,false,false,true,,,JPY,,,,,,,2026-10-07T15:30:03+00:00,2026-10-07T15:30:03+00:00,,,,,,,,,,,,,,,,,,,,,,,,,,,,,Index
^NYA,NYSE Composite Index,23691.416016,,0,5019532656,23748.685547,23659.890625,23775.445312,23691.416016,-230.253906,-0.962533,23921.669922,2026-10-07,,,,,,,Indices,Stock Index,,NYS,,,,false,false,true,,,USD,,,,,,,2026-10-07T15:30:04+00:00,2026-10-07T15:30:04+00:00,,,,,,,,,,,,,,,,,,,,,,,,,,,,,Index
^NZ50,S&P/NZX 50 INDEX GROSS ( GROSS,13684.040039,,0,26616056,13700.120117,13657.240234,13736.459961,13684.040039,-16.080078,-0.117372,13700.120117,2026-10-07,,,,,,,Indices,Stock Index,,NZE,,,,false,false,true,,,NZD,,,,,,,2026-10-07T15:30:05+00:00,2026-10-07T15:30:05+00:00,,,,,,,,,,,,,,,,,,,,,,,,,,,,,Index
^RUT, Russell 2000 Index,2792.498047,,0,5019532656,2816.397461,2789.762939,2816.397461,2792.498047,-37.802002,-1.335618,2830.300049,2026-10-07,,,,,,,Indices,Stock Index,,WCB,,,,false,false,true,,,USD,,,,,,,2026-10-07T15:30:07+00:00,2026-10-07T15:30:07+00:00,,,,,,,,,,,,,,,,,,,,,,,,,,,,,Index
^STI,STI Index,5608.439941,,0,301719545,5670.600098,5603.700195,5679.149902,5608.439941,-93.100098,-1.632894,5701.540039,2026-10-07,,,,,,,Indices,Stock Index,,SES,,,,false,false,true,,,SGD,,,,,,,2026-10-07T15:30:08+00:00,2026-10-07T15:30:08+00:00,,,,,,,,,,,,,,,,,,,,,,,,,,,,,Index
^STOXX50E,EURO STOXX 50 I,6178.410156,,0,18472061,6255.799805,6151.350098,6255.799805,6178.410156,-93.819824,-1.495797,6272.22998,2026-10-07,,,,,,,Indices,Stock Index,,ZRH,,,,false,false,true,,,EUR,,,,,,,2026-10-07T15:30:09+00:00,2026-10-07T15:30:09+00:00,,,,,,,,,,,,,,,,,,,,,,,,,,,,,Index
^TA125.TA,TA-125,3932.419922,,0,70631579,4005.669922,3928.399902,4022.129883,3932.419922,-95.680176,-2.375318,4028.100098,2026-10-07,,,,,,,Indices,Stock Index,,TLV,,,,false,false,true,,,ILS,,,,,,,2026-10-07T15:30:10+00:00,2026-10-07T15:30:10+00:00,,,,,,,,,,,,,,,,,,,,,,,,,,,,,Index
^TNX,CBOE Interest Rate 10 Year T Note,5.309,,0,0,5.341,5.303,5.364,5.309,0.04,0.759157,5.269,2026-10-07,,,,,,,Indices,Volatility / Rates,,CGI,,,,false,false,true,,,USD,,,,,,,2026-10-07T15:30:12+00:00,2026-10-07T15:30:12+00:00,,,,,,,,,,,,,,,,,,,,,,,,,,,,,Index
^TWII,TSEC CAPITALIZATION WEIGHTED ST,49806.371094,,0,4864591,49857.320312,49567.519531,49966.890625,49806.371094,-16.179688,-0.032475,49822.550781,2026-10-07,,,,,,,Indices,Stock Index,,TAI,,,,false,false,true,,,TWD,,,,,,,2026-10-07T15:30:13+00:00,2026-10-07T15:30:13+00:00,,,,,,,,,,,,,,,,,,,,,,,,,,,,,Index
^VIX,CBOE Volatility Index,15.58,,0,0,15.21,15.21,16.01,15.58,0.57,3.797466,15.01,2026-10-07,,,,,,,Indices,Volatility / Rates,,CXI,,,,false,false,true,,,USD,,,,,,,2026-10-07T15:30:14+00:00,2026-10-07T15:30:14+00:00,,,,,,,,,,,,,,,,,,,,,,,,,,,,,Index
^XAX,NYSE American Composite Index,8063.422363,,0,0,8156.500488,8040.944336,8172.285645,8063.422363,-102.657715,-1.257124,8166.080078,2026-10-07,,,,,,,Indices,Stock Index,,NYS,,,,false,false,true,,,USD,,,,,,,2026-10-07T15:30:16+00:00,2026-10-07T15:30:16+00:00,,,,,,,,,,,,,,,,,,,,,,,,,,,,,Index
^XDA,Australian Dollar Currency Index,69.596001,,0,0,69.5345,69.309998,69.794998,69.596001,-0.226997,-0.325104,69.822998,2026-10-07,,,,,,,Indices,Stock Index,,NIM,,,,false,false,true,,,USD,,,,,,,2026-10-07T15:30:17+00:00,2026-10-07T15:30:17+00:00,,,,,,,,,,,,,,,,,,,,,,,,,,,,,Index
^XDB,British Pound Currency Index,132.072998,,0,0,132.112,131.009995,132.539993,132.072998,-0.632996,-0.476991,132.705994,2026-10-07,,,,,,,Indices,Stock Index,,NIM,,,,false,false,true,,,USD,,,,,,,2026-10-07T15:30:18+00:00,2026-10-07T15:30:18+00:00,,,,,,,,,,,,,,,,,,,,,,,,,,,,,Index
^XDE,Euro Currency Index,111.872002,,0,0,111.825996,111.629997,112.037498,111.872002,-0.703995,-0.625351,112.575996,2026-10-07,,,,,,,Indices,Stock Index,,NIM,,,,false,false,true,,,USD,,,,,,,2026-10-07T15:30:19+00:00,2026-10-07T15:30:19+00:00,,,,,,,,,,,,,,,,,,,,,,,,,,,,,Index
^XDN,Japanese Yen Currency Index,63.226501,,0,0,63.211102,63.0159,63.275101,63.226501,0.001503,0.002377,63.224998,2026-10-07,,,,,,,Indices,Stock Index,,NIM,,,,false,false,true,,,USD,,,,,,,2026-10-07T15:30:20+00:00,2026-10-07T15:30:20+00:00,,,,,,,,,,,,,,,,,,,,,,,,,,,,,Index
000001.SS,SSE Composite Index,3842.195068,,414600,528655,3839.25293,3833.085938,3851.217041,3842.195068,11.744141,0.306599,3830.450928,2026-10-07,,,,,,,Indices,Stock Index,,SHH,,,,false,false,true,,,CNY,,,,,,,2026-10-07T15:30:22+00:00,2026-10-07T15:30:22+00:00,,,,,,,,,,,,,,,,,,,,,,,,,,,,,Index
000270.KS,Kia Corporation,,42596701306880,841750,878985,112700,109300,112800,,,,112600,2026-10-07,,,1.02,388656043,,,Consumer Cyclical,Auto Manufacturers,"Kia Corporation manufactures and sells vehicles in South Korea, North America, and Europe. The company offers cars, SUVs and MPV, commercial, electric, and hybrid vehicles. It sells its products through a network of dealers. The company was formerly known as Kia Motors Corporation and changed its name to Kia Corporation in January 2021. Kia Corporation was founded in 1944 and is headquartered in Seoul, South Korea.",KSC,Mr. Ho-Sung  Song,South Korea,,false,false,true,https://www.kia.com,,KRW,31180,Seoul,,82 2 3464 5114,"12, Heolleung-ro",6.04,2026-10-07T15:30:23+00:00,2026-10-07T15:30:23+00:00,0.11598,0.05074,0.18692,0.07956,0.05916,0.126,0.032,119312706699264,11170457059328,2845027336192,7058195218432,,,2.012,0.188,2253774913536,61187884000000,98979055000000,23548286468096,,1.514,0.982,3.484,0.3736,0.42,0.39367,0.33693,,Index
000660.KS,SK hynix Inc.,,1225183176163328,2857684,4598522,1728000,1723000,1779000,,,,1773000,2026-10-07,,,2.391,711075500,,,Technology,Semiconductors,"SK hynix Inc. through its subsidiaries, engages in research, develops, manufactures, distributes, and sells semiconductor devices in Korea, China, rest of Asia, the United States, Europe, and internationally. It offers DRAM, such as server memory, graphics memory, mobile memory, PC memory, consumer memory; NAND flash memory; SSD; and MCP products. It also engages in foundry business, produces non-memory semiconductors. The company serves its products for server, networking, mobile, personal computer, consumer, and automotive applications. The company was formerly known as Hynix Semiconductor Inc. and changed its name to SK hynix Inc. in March 2012. SK hynix Inc. was incorporated in 1949 and is headquartered in Icheon-si, South Korea.",KSC,Dr. Noh-Jung  Kwak,South Korea,,false,false,true,https://www.skhynix.com,,KRW,36042,Icheon-si,,82 31 5185 4114,"2091, Gyeongchung-daero",0.08,2026-10-07T15:30:25+00:00,2026-10-07T15:30:25+00:00,0.92679,0.33661,0.76268,0.76328,0.85619,2.568,12.724,189170609815552,143595352883200,55768099323904,161965397770240,414114000000,,8.316,6.313,21113138577408,120516178000000,176107659000000,87980978995200,,2.591,2.26,8.037,0.0132,0.1998,0.20212,0.39515,,Index
000725.SZ,BOE Technology Group Company Limited,5.72,211893534720,906270862,1745830704,5.73,5.69,5.88,5.72,0.01,0.175127,5.71,2026-10-07,,,0.787,36351443937,27.238094,0.21,Technology,Electronic Components,"BOE Technology Group Company Limited operates display, Internet of Things (IoT) innovation, sensor, and MLED, smart medicine engineering, and other business in Mainland China and internationally. The Display Business segment designs and manufactures display devices, including TFT-LCD, AMOLED, micro displays, and other intelligent interface devices. Its IoT Innovation Business segment designs integrated manufacturing models for system solutions; smart terminal products, such as tablets, laptops, displays, televisions, low-power consumption, IoT, 3D displays, etc.; and IoT solutions. The Sensor Business segment offers X-ray flat panel detector backboards, intelligent dimming windows and dimming system solutions, consumer electronics and industrial application solutions, packaging carriers, and other products. Its MLED Business segment provides Mini-LED backlight products for TV, display, laptop, car, and other fields, as well as Mini/Micro-LED display products for the usage of outdoor, commercial, transparent, special, and other display applications. The Smart Medicine and Engineering Business segment offers professional services and solutions in healthcare, intelligent rehabilitation, and medical-engineering integration products. Its Others segment provides software-hardware fusion and system integration solutions for intelligent internet of vehicles, industrial interconnection, and other industries. The company was founded in 1993 and is headquartered in Beijing, the People's Republic of China. BOE Technology Group Company Limited operates as a subsidiary of Beijing Electronics Holdings Co., Ltd.",SHZ,Mr. Yanshun  Chen,China,,false,false,true,https://www.boe.com,,CNY,109895,Beijing,,86 10 6431 8888,No.12 Xihuanzhong Middle Road,0.98,2026-10-07T15:30:26+00:00,2026-10-07T15:30:26+00:00,0.03421,0.00743,0.1422,0.02476,0.03806,0.029,0.689,206444429312,41679568896,10172280832,7841823232,70261151,1.754063,8.932,1.803,142209368064,134478628806,436378322803,78011260928,,1.344,1.052,68.466,0.2667,0.23,0.17832,0.08597,,Index
005380.KS,Hyundai Motor Company,,87976247820288,595022,653250,346500,335000,346500,,,,348000,2026-10-07,,,1.742,202416066,,,Consumer Cyclical,Auto Manufacturers,"Hyundai Motor Company, together with its subsidiaries, manufactures and distributes motor vehicles and parts. The company operates through Vehicle, Finance, and Others segments. It offers cars under the ELANTRA, SONATA, AZERA, i30, ACCENT, i20, and i10 names; eco vehicles under the IONIQ 9, NEXO, PALISADE Hybrid, IONIQ 6, INSTER, IONIQ 5, ELANTRA Hybrid, KONA Hybrid, KONA Electric, TUCSON Hybrid, SANTA FE Hybrid, SONATA Hybrid, AZERA Hybrid, i30 Hybrid, and STARIA Hybrid names; SUVs under the PALISADE, TUCSON, SANTA FE, KONA, and VENUE names; MPVs under the STARIA name; and commercial vehicles under the STARIA, H-1, and H-100 names, as well as N series and N Line series vehicles under various names. The company also provides trucks and vans; vehicle financing, credit card processing, and other financing activities; train manufacturing services and other activities; and marketing, engineering, mobility, logistics, and insurance services, as well as operates a football club. Further, it is involved in research and development, investment, racing team, and real estate development activities. Hyundai Motor Company was incorporated in 1967 and is headquartered in Seoul, South Korea.",KSC,Mr. Eui-Sun  Chung,South Korea,,false,false,true,https://www.hyundai.com/worldwide/en/,,KRW,60598,Seoul,,82 2 3464 1114,"12, Heolleung-ro",2.87,2026-10-07T15:30:28+00:00,2026-10-07T15:30:28+00:00,0.07165,0.01634,0.17423,0.05793,0.04317,0.019,-0.354,188714252763136,13169544134656,-3920452911104,7042759131136,,,15.727,1.098,190475424235520,115446507000000,368844849000000,87895096426496,,1.328,1.047,140.659,0.3225,4.13,0.30903,0.18706,,Index
005930.KS,"Samsung Electronics Co., Ltd.",,1763122192842752,17737591,23424700,269500,268500,279500,,,,272000,2026-10-07,,,1.545,5764191903,,,Technology,Consumer Electronics,"Samsung Electronics Co., Ltd. engages in the consumer electronics, information technology and mobile communications, and device solutions businesses worldwide. The company operates through four divisions: Device eXperience (DX), Device Solutions (DS), SDC, and Harman. The company offers smartphones, tablets, audio sounds, watches, switches, and accessories; TVs, and sound devices; appliances, including refrigerators, washing machines and dryers, vacuum cleaners, cooking appliances, dishwashers, air conditioners, and air purifiers; monitors and memory storage products; displays, and smart and LED signages; and other accessories. It also engages in venture capital investments, cloud services, network devices installation, semiconductor equipment services, digital advertising platforms, marketing, consulting, connected services provider, logistics, financing, and software design activities. In addition, the company provides toll processing and sales of semiconductors and display panels; development and sale of network solutions; manufacture of semiconductors and food; the provision of repair services for electronic devices; and development and supply of semiconductor process defect and quality control software, as well as digital televisions, foundry, system large scale integration (LSI). Further, it provides connected car systems, audio and visual products, enterprise automation solutions, and connected services. Samsung Electronics Co., Ltd. was incorporated in 1969 and is based in Suwon-si, South Korea.",KSC,Mr. Tae-Moon  Roh Ph.D.,South Korea,,false,false,true,https://www.samsung.com,,KRW,128242,Suwon-si,,82 10 3060 0730,"129, Samsung-ro",0.55,2026-10-07T15:30:29+00:00,2026-10-07T15:30:29+00:00,0.30794,0.17693,0.57485,0.52182,0.30842,1.3,11.917,485272047321088,227121779703808,69550825537536,135264684998656,,,7.189,3.365,22408721334272,424313255000000,566942110000000,189999035187200,,2.83,2.195,3.868,0.0749,0.1312,0.09688,0.46587,,Index
006400.KS,"Samsung SDI Co., Ltd.",,44225819312128,358814,438559,571000,560000,575000,,,,575000,2026-10-07,,,1.752,77254139,,,Industrials,Electrical Equipment & Parts,"Samsung SDI Co., Ltd. manufactures and sells batteries in South Korea, Europe, China, North America, Southeast Asia, and internationally. The company operates through Energy Solutions and Electronic Materials segments. It offers small-sized lithium ion batteries used in laptops, tablets, mobile phones, wearable devices, power banks, power tools, garden tools, vacuum cleaners, e-bikes, e-scooters, and ignition products; automotive batteries; and energy storage systems for use in residential, utility, commercial, UPS, and base transceiver station applications. In addition, the company provides electronic materials, including semiconductor products, such as spin-on hardmasks, spin-on dielectrics, and epoxy molding compounds; LCD products, such as polarizing films and color photo resist products; and OLED products comprising evaporation materials and thin film encapsulation products. Further, it manufactures and sells rechargeable battery raw materials; and invests in new technology venture business. Samsung SDI Co., Ltd. was incorporated in 1970 and is headquartered in Yongin-Si, South Korea.",KSC,Mr. Jong Sung  Kim,South Korea,,false,false,true,https://www.samsungsdi.com,,KRW,12498,Yongin-Si,,82 31 8006 3100,"150-20, Gongse-ro",0,2026-10-07T15:30:30+00:00,2026-10-07T15:30:30+00:00,0.00202,-0.01586,0.17543,0.0255,0.00264,0.185,,14255668592640,1140104232960,-1432064229376,-231009026048,,,51.277,4.101,12283019264000,21442873795140,42255338580910,1608129183744,,0.767,0.389,45.77,1.3123,12.29,0.22957,0.33371,,Index
009540.KS,"HD Korea Shipbuilding & Offshore Engineering Co., Ltd.",,21320460926976,305005,184365,316500,300000,316500,,,,318500,2026-10-07,,,1.172,70714630,,,Industrials,Aerospace & Defense,"HD Korea Shipbuilding & Offshore Engineering Co., Ltd. engages in shipbuilding and offshore engineering business in South Korea. The company offers ship types, including tankers, container ships, petrochemical carriers, LNG carriers, LNG-FSRUs, LPG carriers, LEG carriers, car carriers, Ro-Pax, Ro-Ro, LNG bunkering carriers, and LCO2 ships; and offshore plant business includes the manufacturing and installation of offshore structures, floating crude oil production facilities, power generation facilities, and other individual equipment units. It also specializes in building various types of special-purpose ships, such as destroyers, frigates, corvettes, logistics support ships, amphibious, minelaying, marine intelligence, surface, rescue, and training ships, support vessels, high-speed boats, and patrol/rescue ships; and engine and machinery division, the company provides heavy and medium engines, propellers, marine axle meters, selective catalytic reduction systems, and methanation catalytic systems. In addition, it develops and supplies photovoltaic modules and systems, solid oxide fuel cells for onshore power generation and marine applications, and solid oxide electrolyzers; gas and green system offerings include Methanol LFSS, Ammonia LFSS, LPG CHS, Re-Liquefaction Unit, Re-Gasifier, and Hi-ALS; and shipbuilding also provides green ship propulsion solutions, including four-stroke marine engines, as well as electric power systems such as batteries and fuel cells to drive propulsion motors without the use of traditional power generation engines. Further, it provides other offerings including equipment such as propellers, shafts, SCR systems, ballast water treatment systems, engine power plants, industrial boilers, solar modules and systems, ITER, industrial cranes, and comprehensive marine system solutions. The company was formerly known as Korea Shipbuilding & Offshore Engineering Co., Ltd. The company was founded in 1972 and is based in Seongnam-si, South Korea.",KSC,Gi-jong  Sung,South Korea,,false,false,true,https://www.hdksoe.co.kr,,KRW,1677,Seongnam-si,,82 1 811 9114,"477, Bundangsuseo-ro",4.9,2026-10-07T15:30:31+00:00,2026-10-07T15:30:31+00:00,0.26908,0.07577,0.20372,0.18429,0.10513,0.202,2.612,32801028046848,5714706694144,2573530824704,3448323702784,2151000000,,2.885,0.503,3463642873856,13286077746000,39542213288000,13592804982784,,1.212,0.619,18.303,0.1866,0.2125,0.36678,0.29489,,Index
0763.HK,ZTE Corporation,21.719999,103898382336,836070,14547427,21.9,21.6,21.9,21.719999,-0.08,-0.366972,21.799999,2026-10-07,,,0.757,755502534,29.35135,0.74,Technology,Communication Equipment,"ZTE Corporation provides integrated information and communication technology solutions in the People's Republic of China, rest of Asia, Africa, Europe, America, and Oceania. It operates through three segments: Carriers' Networks, Consumer Business, and Government and Corporate Business. The Carriers' Networks segment provides wireless and wireline access, bearer systems, core networks, server and storage, and other technologies and product solutions. The Consumer Business segment focuses on the development, production, and sale of home information terminals, smart phones, mobile internet terminals, and fusion terminals, as well as provides related software application and value added services. The Government and Corporate Business segment offers informatization solutions for the government and corporations through the application of products, including communications networks, IoT, big data, and cloud computing. The company was founded in 1985 and is headquartered in Shenzhen, the People's Republic of China.",HKG,Mr. Ziyang  Xu,China,,false,false,true,https://www.zte.com.cn,,HKD,62568,Shenzhen,,86 755 2677 0000,ZTE Plaza,2.17,2026-10-07T15:30:34+00:00,2026-10-07T15:30:34+00:00,0.04327,0.011,0.26555,0.02516,0.0236,0.115,-0.47,140368084992,5042811904,2242995968,3312998912,,1.147276,21.386,0.768,68720508928,75425601000,217739375000,64676171776,,1.713,1.04,89.105,0.6416,0.66,0,0.28425,,Index
1211.HK,BYD Company Limited,74.550003,679687094272,6125452,18669958,75,74.150002,75.300003,74.550003,-0.449997,-0.599996,75,2026-10-07,,,0.346,3683400000,20.766018,3.59,Consumer Cyclical,Auto Manufacturers,"BYD Company Limited, together with its subsidiaries, engages in automobiles and batteries business in the People's Republic of China, Hong Kong, Macau, Taiwan, and internationally. It operates in two segments, Mobile Handset Components, Assembly Service and Other Products; and Automobiles and Related Products and Other Products. The Mobile Handset Components, Assembly Service and Other Products segment manufactures and sells mobile handset components, such as housings and electronic components, and provides assembly services. Its Automobiles and Related Products and Other Products segment is involved in the manufacturing and sale of automobiles, and auto-related molds and components; provision of automobile leasing and after sales services, automobile power batteries, lithium-ion batteries, photovoltaic, and iron battery products; and rail transport and related business. The company develops urban rail transportation business. BYD Company Limited was founded in 1994 and is headquartered in Shenzhen, China.",HKG,Mr. Chuan-Fu  Wang,China,,false,false,true,https://www.bydglobal.com,,HKD,911900,Shenzhen,,86 755 8988 8888,"No.3009, BYD Road",0.55,2026-10-07T15:30:36+00:00,2026-10-07T15:30:36+00:00,0.11602,0.028,0.17898,0.07244,0.03786,-0.032,0.337,777499443200,117829091328,-96303865856,29310240768,,2.411381,5.866,0.889,125904445440,246274606000,883729883000,128678313984,,0.871,0.386,46.056,0.1139,0.7624,0.00122,0.4154,,Index
1610.HK,COFCO Joycome Foods Limited,1.075,4925648384,3616000,16330537,1.095,1.06,1.1,1.075,-0.015,-1.376145,1.09,2026-10-07,,,1.002,4581998323,,-0.64,Consumer Defensive,Packaged Foods,"COFCO Joycome Foods Limited, an investment holding company, engages in the production and sales of hog, and livestock slaughtering businesses in Mainland China. The company operates through Hog Production, Feed, Fresh Pork, Processed Meat Products, and Meat Import segments. It is also involved in the production and sale of feed; slaughtering, wholesale, and retail sale of fresh and frozen meats; manufacture, wholesale, and retail sale of processed meat products and fresh pork under the Maverick and Joycome brands; and sale of imported meat products, including pork, beef, poultry, and mutton. The company was formerly known as COFCO Meat Holdings Limited and changed its name to COFCO Joycome Foods Limited in October 2020. COFCO Joycome Foods Limited was founded in 2002 and is based in Beijing, the People's Republic of China.",HKG,Dr. Xiang  Gao,China,,false,false,true,https://www.cofcojoycome.com,,HKD,14028,Beijing,,,COFCO Fortune Plaza,0,2026-10-07T15:30:37+00:00,2026-10-07T15:30:37+00:00,-0.30577,-0.06552,-0.05232,-0.20045,-0.14255,-0.025,,18351529984,-1313264000,,-2615990016,,0.596029,-12.726,0.911,12469599232,8633996000,21713890000,940299008,,0.668,0.182,171.96,0,,0.40303,0.15519,,Index
1810.HK,Xiaomi Corporation,23.940001,616383184896,46116080,165951369,24.200001,23.700001,24.24,23.940001,-0.32,-1.319042,24.26,2026-10-07,,,0.697,21317761689,17.602942,1.36,Technology,Consumer Electronics,"Xiaomi Corporation, an investment holding company, engages in the development and sales of smartphones in Mainland China and internationally. It operates through Smartphones, IoT and Lifestyle Products, Internet Services, and smart electric vehicles segments. The company also offers internet of things (IoT) and lifestyle products comprising smart large home appliances, smart TVs, tablets, wearables and other IoT and lifestyle products; hardware repairment services for products; installation services for certain IoT products; and sale of materials. In addition, it provides internet services, such as advertising, online game, and fintech services; and development, manufacture, and sales of smart electric vehicles. Further, the company in the wholesale and retail of smartphones and ecosystem partners' products; investment activities; sales of smart hardware; software and hardware development; procurement and sales of smartphones, ecosystem partners' products and spare parts, and raw materials; operation of retail stores; and commercial factoring and e-commerce business. Additionally, it provides intra-group capital supervision, collection, remittance, credit guarantee, and interest rate risk management; customer; software related; promotion; electronic payment technology; and technical services. Xiaomi Corporation was incorporated in 2010 and is headquartered in Beijing, the People's Republic of China.",HKG,Mr. Jun  Lei,China,,false,false,true,https://www.mi.com,,HKD,52876,Beijing,,,Xiaomi Campus,0,2026-10-07T15:30:39+00:00,2026-10-07T15:30:39+00:00,0.12627,0.02599,0.21392,0.04012,0.07533,-0.061,-0.199,438100492288,28217182208,-8680713216,33000187904,5365075000,1.949477,19.36,1.247,44317523968,266218661000,508095967000,121723551744,,1.491,0.882,16.425,0,2.6755,0.20453,0.27236,,Index
2222.SR,Saudi Arabian Oil Company,25.84,6250887118848,6076351,8197764,25.799999,25.66,25.84,25.84,0.040001,0.155042,25.799999,2026-10-07,,,0.016,241907400000,15.289941,1.69,Energy,Oil & Gas Integrated,"Saudi Arabian Oil Company operates as an integrated energy and chemical company in the Kingdom of Saudi Arabia and internationally. The company operates through two segments, Upstream and Downstream. The Upstream segment explores, develops, produces, and sells crude oil, condensate, natural gas, and natural gas liquids (NGLs). The Downstream segment produces various chemicals, such as aromatics, olefins, and polyolefins; polyols, isocyanates, and synthetic rubber; methanol, MTBE, glycols, linear alpha olefins, polyethylene, polypropylene, polyethylene terephthalate, polyvinyl chloride, polystyrene, polycarbonate, and engineering thermoplastics and their blends; and lubricants and base oils, as well as engages in the refining and petrochemicals, retail operations, distribution, supply and trading, and power generation. It also markets and distributes hydrocarbons, petroleum products; and trades crude oil, refined petroleum, and liquid chemical products. In addition, the company develops, manufactures, and markets high-performance rubber; and provides crude oil storage, investment, consulting, information technology, personnel and other support, agri-nutrients, purchasing, engineering, benefits administration, oil field, insurance, pipeline transport, vendor sourcing, marketing and sales support, financing, support, and marine management and transportation services. Further, it engages in aircraft operations and leasing; aviation; sports club; retail fuel marketing and operations; investment management of post-employment benefit plans; wholesale fuel operations; importing and exporting refined products and crude oil; and real estate holdings. Additionally, the company engages in prospecting, exploring, drilling, processing, manufacturing, refining, extracting, and marketing hydrocarbon substances. The company was founded in 1933 and is headquartered in Dhahran, the Kingdom of Saudi Arabia.",SAU,Mr. Amin H. Nasser,Saudi Arabia,,false,false,true,https://www.aramco.com,,SAR,,Dhahran,,966 13 872 0115,P.O. Box 5000,5.26,2026-10-07T15:30:40+00:00,2026-10-07T15:30:40+00:00,0.23748,0.19805,0.5657,0.41544,0.22395,0.282,0.429,1823482970112,898174025728,375149985792,408371003392,,4.001239,7.373,3.631,355262005248,1491996000000,2551964000000,229477007360,,2.003,1.471,19.783,0.7895,3.9182,0.81486,0.16451,,Equity
2317.TW,"Hon Hai Precision Industry Co., Ltd.",252,3534845640704,35963179,40847244,254,251.5,254.5,252,-4,-1.5625,256,2026-10-07,,,0.862,14027166000,16.611734,15.17,Technology,Electronic Components,"Hon Hai Precision Industry Co., Ltd. provides electronic manufacturing services. The company offers consumer electronics, including smartphones, feature phones, wearable devices, televisions, game consoles, set-top boxes, and audio systems; cloud and networking products comprising routers, servers, edge computing, data centers, and satellite communications and other related equipment; electronic computing equipment, such as desktop computers, laptops, tablets, multi-function devices and printers; and connectors, precision optical components, lenses, electronic components, semiconductor products, and automotive electronic parts. It operates in the United States, Singapore, Ireland, Mainland China, Japan, India, Taiwan, Vietnam, Mexico, and internationally. The company was founded in 1974 and is headquartered in New Taipei City, Taiwan.",TAI,Mr. Yang-Wei  Liu,Taiwan,,false,false,true,https://www.foxconn.com,,TWD,,New Taipei City,,886 2 2268 3466,"No.2, Zihyou Street",2.8,2026-10-07T15:30:42+00:00,2026-10-07T15:30:42+00:00,0.13152,0.04182,0.06118,0.03753,0.02285,0.408,0.342,9310748803072,420391288832,-182303358976,212778467328,2733471000,1.852505,8.647,0.39,1357777993728,1772771627000,5104672223000,1524703035392,,1.423,0.96,64.059,0.4765,0.687,0.1236,0.31085,,Equity
2324.TW,"Compal Electronics, Inc.",36.099998,153682362368,21822932,65296654,36.200001,35.799999,36.299999,36.099998,0.199997,0.557095,35.900002,2026-10-07,,,0.695,4257129600,18.704662,1.93,Technology,Computer Hardware,"Compal Electronics, Inc. manufactures and sells notebook personal computers, monitors, LCD TVs, mobile phones, and other components and peripherals in Taiwan, the United States, China, the United Kingdom, Japan, India, Germany, Netherlands, and internationally. It operates through Information Technology Product and Strategy Integrated Product segments. It researches, develops, manufactures, and sells wireless network, mobile office, automotive and household electronic products, electronic components, electric appliance, audiovisual electric, lighting, communication devices, electronic computers, smart watches, auto parts and accessories, digital products, cable modems, digital set up boxes, other communication products, touch panels, and AP products. It is also involved in international trading; manufacture, wholesale, and retail of medical equipment; technical support and sale of wireless network products; real estate development, management, and leasing business; construction and investment in infrastructure; and regeneration and rejuvenation of stem cells. It provides management consulting and biotechnology services; resistor and networking chips, diodes, capacitors, semiconductor devices, and motherboards; aluminum and magnesium alloy products; elderly care services; software design, data processing, and information software; maintenance and warranty services for notebook PCs; and training and education; business information, financial and tax, and investment consulting; and investment management services. It engages in investment and development of public construction and specific areas; medical care IoT business; rental, leasing, import, and export business; AI application software development, electronic materials, and precision instruments, as well as animal medication product; and research and development of MEMS technology of manufacturing process of semiconductors. The company was incorporated in 1984 and is headquartered in Taipei City, Taiwan.",TAI,Mr. Anthony Peter  Bonadero,Taiwan,,false,false,true,https://www.compal.com,,TWD,,Taipei,,886 2 8797 8588,"No. 581 and 581-1, Ruiguang Road",3.06,2026-10-07T15:30:43+00:00,2026-10-07T15:30:43+00:00,0.07164,0.01495,0.05301,0.01198,0.01034,0.321,5.545,817570119680,16666570752,-30789709824,8456114176,9029000,1.138801,12.34,0.252,119665352704,131807890000,438907277000,85861212160,,1.228,0.868,77.926,0.5699,9.22,0.05673,0.21324,,Equity
2354.TW,"Foxconn Technology Co., Ltd.",62.099998,87529029632,5866336,11082086,62.799999,62,62.900002,62.099998,-0.600002,-0.956941,62.700001,2026-10-07,,,0.585,1409485192,26.31356,2.36,Technology,Electronics & Computer Distribution,"Foxconn Technology Co., Ltd. manufactures, processes, and sells cases, heat dissipation modules, and consumer electronics products. It offers 3C electronic product, modules and components. The company also engages in the research, development, manufacture, and sale of computer thermal modules, computer components, and aluminum magnesium cases; and manufacture and marketing of computer peripherals and cases, new alloy materials, precision molds, electronic components, and portable computers and its components. In addition, it produces and sells aluminum alloy materials, rail vehicle components, car accessories and electronic components, structured metal products, metal containers, automobile parts; and power plugs, wall sockets, and micro ribbon connectors for terminals, etc., as well as aluminum alloy parts for automobiles and electronics. Further, the company is involved in sale of wireless vital sign monitoring system; wholesale and retail of medical equipment and precision instruments; game consoles reselling business; health management service and long-term care equipment purchase and lease services; and aluminum casting, aluminum and magnesium rolling, stretching, extruding, and manufacture of metal structure and building component. It operates in China, Japan, Taiwan, the United States, and internationally. The company was founded in 1990 and is headquartered in New Taipei City, Taiwan.",TAI,Mr. Yen-Jen  Pan,Taiwan,,false,false,true,https://www.foxconntech.com.tw,,TWD,,New Taipei City,,886 2 2268 0970,"No. 3-2, Zhongshan Road",2.39,2026-10-07T15:30:44+00:00,2026-10-07T15:30:44+00:00,0.03044,0.00818,0.0411,0.01131,0.02376,-0.264,0.656,140456984576,3287856896,5573568000,3336577024,,0.771831,2.356,0.055,10413197312,107285405000,158622021000,91395702784,,2.199,1.81,9.147,0.6356,0.86,0.29889,0.09022,,Equity
300750.SZ,"Contemporary Amperex Technology Co., Limited",291.109985,1347038609408,29699471,32226062,290,285.799988,292.700012,291.109985,4.309998,1.502789,286.799988,2026-10-07,,,0.474,4408949386,15.542445,18.73,Industrials,Electrical Equipment & Parts,"Contemporary Amperex Technology Co., Limited, together with its subsidiaries, engages in the research, development, production, and sale of electric vehicle and energy storage system batteries in China and internationally. The company offers power battery systems, including cells, modules/battery boxes, and battery packs, as well as lithium iron phosphate, ternary high-voltage medium-nickel, ternary high-nickel, super hybrid, sodium-ion, and condensed matter batteries; energy storage battery systems, such as cells, battery cabinets, energy storage containers, and system integration; and battery material products comprising lithium salts, precursors, and cathode materials. It also processes, purifies, and synthesizes metal materials, which include nickel, cobalt, manganese, lithium, phosphorus, iron, aluminum, copper, and other materials from spent batteries. In addition, the company provides passenger vehicles solutions, such as electric private and operating vehicles, as well as hybrid; commercial application solutions comprising road passenger transport, urban delivery, heavy-duty transport, urban street cleaning, construction machinery, two-wheeled vehicle, vessel, and special vehicle; energy storage solutions on power generation, transmission and distribution, and consumption; and battery recycling solutions. Further, it is involved in investment activities. The company was incorporated in 2011 and is headquartered in Ningde, China.",SHZ,Mr. Yuqun  Zeng,China,,false,false,true,https://www.catl.com,,CNY,185839,Ningde,,86 59 3258 3668,"No. 2, Xingang Road",0.83,2026-10-07T15:30:46+00:00,2026-10-07T15:30:46+00:00,0.24772,0.05829,0.24518,0.15501,0.16292,0.569,0.318,521732161536,121086427136,73865617408,85000142848,,3.528691,8.936,2.074,149001895936,337107747000,974827544000,440211603456,,1.56,1.201,35.995,0.0538,0.7348,0.38274,0.23456,,Index
3231.TW,Wistron Corporation,185,588270796800,26702076,62107291,188.5,185,189.5,185,-4.5,-2.37467,189.5,2026-10-07,,,0.763,3179842250,15.907137,11.63,Technology,Computer Hardware,"Wistron Corporation, together with its subsidiaries, engages in the design, manufacture, and sale of information technology products in the United States, Europe, China, and internationally. The company develops and produces desktop computers, notebook computers, motherboards, servers, system platforms, multi-CPU computer systems, multimedia computers, network computers, consumer computers, micro-processors, CD-ROMs, PDAs, panel PCs, pocket computers, and interface cards. It also offers professional display systems, industrial PCs, and data storage equipment. The company provides video and internet telephones, video conferencing equipment, telecommunication equipment, VoIP systems, wireless receiver products including mobile phones, wireless LAN cards, and Bluetooth communication modules, as well as networking and communication products. Its consumer electronics offerings include digital satellite TV receivers, set-top boxes, digital video decoders, multimedia appliance products, LCD TVs, electronic audio and visual products, digital cameras, and CD-ROM and DVD-ROM drives. The company also manufactures, processes, and sells automotive electronics and telematics products. In addition, the company designs and merchandises computer software and programs; recycles electronic waste; and offers in vitro diagnostic devices, therapeutic equipment, intelligent assistive devices, diagnostic x-ray units, physiological signal diagnostic devices, and medical data systems. Further, it is involved in the maintenance and cleaning of electronics products; import and export trade business; sale and maintenance of computer products and related parts and components, data storage equipment, and digital monitoring systems; internet platform development; provision and sale of application services and consultation; and repair of electronic products. Wistron Corporation was incorporated in 2001 and is headquartered in Taipei, Taiwan.",TAI,Mr. Hsien-Ming  Lin,Taiwan,,false,false,true,https://www.wistron.com,,TWD,,Taipei,,886 2 6616 9999,"No. 158, Xingshan Road",2.9,2026-10-07T15:30:47+00:00,2026-10-07T15:30:47+00:00,0.30937,0.05847,0.05848,0.03735,0.01321,0.624,0.99,3030491856896,128147668992,-276918042624,40030973952,1054109000,3.032489,9.072,0.384,605937664000,177579316000,1097726177000,129220689920,,1.181,0.722,218.539,0,0.9,0.05141,0.34981,,Equity
3436.T,Sumco Corporation,,1288413904896,9395800,14963020,3714,3632,3784,,,,3724,2026-10-07,,,1.119,349732314,,-79.28,Technology,Semiconductor Equipment & Materials,"Sumco Corporation engages in the manufacture and sale of silicon wafers for the semiconductor industry in Japan, the United States, China, Taiwan, South Korea, Europe, and internationally. It offers polished, annealed, epitaxial, junction isolated, silicon-on-insulator, and reclaimed polished wafers, as well as provides monocrystalline ingots. The company was formerly known as Sumitomo Mitsubishi Silicon Corp. and changed its name to Sumco Corporation in August 2005. The company was incorporated in 1999 and is headquartered in Minato, Japan.",JPX,Mr. Jiro  Ryuta,Japan,,false,false,true,https://www.sumcosi.com,,JPY,9714,Minato,,81 3 5444 0808,Seavance N Building,0.55,2026-10-07T15:30:49+00:00,2026-10-07T15:30:49+00:00,-0.04061,-0.01152,0.09333,-0.02728,-0.06612,0.104,,419314008064,109516996608,13157999616,-27726999552,,2.267712,14.892,3.889,367339012096,578377000000,1127966000000,111766003712,,3.371,1.458,57.301,0.2028,7.67,0,0.55801,,Equity
373220.KS,"LG Energy Solution, Ltd.",,91494002196480,354152,303611,385500,378000,395000,,,,390000,2026-10-07,,,1.026,234000000,,,Industrials,Electrical Equipment & Parts,"LG Energy Solution, Ltd. provides energy solutions worldwide. The company offers automotive batteries, which include pouch-type battery cells, modules/packs, and battery management system products for use in electric vehicle batteries; mobility and IT batteries for various applications in IT devices, such as smartphones and laptops, as well as light electric vehicles, electric bicycles, power tools, and wireless earphones; and energy storage systems that are used in power grids, UPS, and commercial and residential applications. It operates in South Korea, China, and the United States. LG Energy Solution, Ltd. was founded in 2020 and is headquartered in Seoul, South Korea. LG Energy Solution, Ltd. is a subsidiary of LG Chem, Ltd.",KSC,Mr. Dong Myung  Kim,South Korea,,false,false,true,https://www.lgensol.com,,KRW,12612,Seoul,,82 2 3777 1114,"Parc1,108 Yeoui-daero",0,2026-10-07T15:30:51+00:00,2026-10-07T15:30:51+00:00,-0.05152,0.00528,0.16921,-0.04277,-0.06674,0.283,,25218017918976,4534392848384,-5886154113024,-1683058982912,,,26.727,4.806,29156293214208,20215549000000,67147953000000,7170734161920,,1.219,0.734,96.268,0,7.45,0.79661,0.13172,,Index
3800.HK,GCL Technology Holdings Limited,0.715,22625032192,29045000,269418306,0.72,0.705,0.72,0.715,0,0,0.715,2026-10-07,,,0.653,31643403085,,-0.11,Technology,Solar,"GCL Technology Holdings Limited, together with its subsidiaries, manufactures and sells polysilicon and wafers products in the People's Republic of China and internationally. It operates through Solar Material Business and Solar Farm Business segments. The company manufactures and sells polysilicon and wafer products to companies operating in the solar industry; and operates and manages solar farms located in the United States and the People's Republic of China. It is also involved in the manufacture and sale of ingot; sale of electricity; trading of wafer; research and development, and sales of electronic special materials; construction and sale of solar farm projects; and provision of equity investment, investment management, and asset management, as well as business management, real estate development, and real estate consulting services. The company was formerly known as GCL-Poly Energy Holdings Limited and changed its name to GCL Technology Holdings Limited in April 2022. GCL Technology Holdings Limited was incorporated in 2006 and is headquartered in Suzhou, China.",HKG,Mr. Gongshan  Zhu,China,,false,false,true,https://www.gcltech.com,,HKD,7695,Suzhou,,86 51 2685 33900,GCL Energy Center,0,2026-10-07T15:30:52+00:00,2026-10-07T15:30:52+00:00,-0.07655,-0.01369,0.11077,-0.28633,-0.21934,0.007,,14466974720,2358103040,1201288832,-3173129984,58404000,0.542537,14.892,2.427,17811070976,39866666000,75882769000,10429959168,,1.26,0.862,43.363,0.5606,9.78,0.16486,0.28386,,Index
4063.T,"Shin-Etsu Chemical Co., Ltd.",,11315113361408,5521800,7139966,6295,6225,6307,,,,6321,2026-10-07,,,1.077,1815064711,24.690086,252.49,Basic Materials,Chemicals,"Shin-Etsu Chemical Co., Ltd. provides infrastructure, electronics, and functional materials in Japan. The company operates through Electronic Materials; Living environment basic materials; Functional materials; and Processing, trading and technical services segments It offers polyvinyl chloride resin, caustic soda, methanol, chloromethanes, and polyvinyl alcohol; and semiconductor silicon, rare earth magnets, semiconductor encapsulating materials, LED packaging materials, photoresists, photomask blanks, and synthetic quartz products. The company also sells silicones, cellulose derivatives, silicon metal, synthetic pheromones, vinyl chloride-vinyl acetate copolymer, liquid fluoroelastomers, pellicles, and silicon anode material for lithium-ion batteries. In addition, it is involved in the processed plastics; export of technologies and plants; export and import of products; and engineering activities. The company was formerly known as Shin-Etsu Nitrogen Fertilizer Co., Ltd. and changed its name to Shin-Etsu Chemical Co., Ltd. in 1940. Shin-Etsu Chemical Co., Ltd. was incorporated in 1926 and is headquartered in Tokyo, Japan.",JPX,Mr. Yasuhiko  Saitoh,Japan,,false,false,true,https://www.shinetsu.co.jp,,JPY,27852,Tokyo,,81 3 6812 2300,Marunouchi Eiraku Building,1.87,2026-10-07T15:30:53+00:00,2026-10-07T15:30:53+00:00,0.11232,0.07294,0.33928,0.26237,0.18362,0.054,0.057,2607843901440,885373009920,243618742272,478859984896,,2.543181,11.911,4.044,260367007744,4464428000000,5661907000000,1656102977536,,6.093,4.298,5.487,0.4198,1.623,0.0078,0.5655,,Equity
4580.TWO,"Value Valves Co., Ltd.",82.5,3861256448,30400,73359,82,82,82.5,82.5,0,0,82.5,2026-10-07,,,0.22,46803109,13.65894,6.04,Industrials,Specialty Industrial Machinery,"Value Valves Co., Ltd. engages in the research, development, design, manufacture, inspection, and marketing of valves in Taiwan. The company offers valves, including butterfly, cryogenic, ball, check, knife gate, and gate valves. It serves the oil and gas industry. The company was founded in 1969 and is headquartered in New Taipei City, Taiwan.",TWO,Ms. Pei-Ling  Chien,Taiwan,,false,false,true,https://www.valuevalves.com,,TWD,,New Taipei City,,886 2 2269 8000,"No. 9, Chung-Shan Road",4.85,2026-10-07T15:30:55+00:00,2026-10-07T15:30:55+00:00,0.10689,0.04592,0.30012,0.11551,0.12306,-0.011,-0.028,2299416064,336292992,73375248,282968000,,1.405356,8.942,1.308,380196000,2751375000,3778649000,1234368000,,2.751,1.895,13.838,0.8281,,0.42229,0.01163,,Equity
4938.TW,Pegatron Corporation,90,240813785088,3359078,10872822,90,89.300003,90.099998,90,0,0,90,2026-10-07,,,0.401,2675708703,15.332198,5.87,Technology,Computer Hardware,"Pegatron Corporation, together with its subsidiaries, designs, develops, manufactures, and sells computer, communication, and consumer electronic products in Europe, the United States, Taiwan, China, Japan, and internationally. The company offers notebooks, desktops, PCs, motherboards, rugged computers, and servers; tablets and game consoles; and smartphones, cable modems, set-top boxes, and network switches. It also provides automotive products; and smart electronics, including Internet of Things products, wearable devices, robots, virtual reality, and augmented reality products. In addition, the company offers after-sales services. Pegatron Corporation was incorporated in 2007 and is headquartered in Taipei, Taiwan.",TAI,Mr. Tzu-Hsien  Tung Ph.D.,Taiwan,,false,false,true,https://www.pegatroncorp.com,,TWD,,Taipei,,886 2 8143 9001,"No.96, Ligong Street",4.45,2026-10-07T15:30:56+00:00,2026-10-07T15:30:56+00:00,0.09001,0.0149,0.04281,0.0153,0.01447,0.027,14.47,1095944372224,29335824384,-45467611136,15860939776,708565000,1.163858,8.573,0.229,97297891328,207343291000,623115179000,133718319104,,1.268,0.856,38.307,0.683,1.63,0.2636,0.31866,,Equity
600438.SS,"Tongwei Co.,Ltd",11.52,51862937600,55769412,51338220,11.09,11.04,11.77,11.52,0.450001,4.065048,11.07,2026-10-07,,,0.226,4501990940,,-2.16,Technology,Solar,"Tongwei Co.,Ltd engages in the production and sales of industrial silicon and high-purity crystalline silicon for solar energy, chemical products, silicon rods, silicon wafers, solar cells, and modules in China and internationally. It is involved in the generation of electricity and related businesses; production and sale of feed, etc.; and aquaculture, seedling cultivation, food processing, etc. The company also engages in technical services; power supply; photovoltaic new energy; farming; sale of battery cell and components; and photovoltaic power operation. Tongwei Co., Ltd was founded in 1995 and is headquartered in Chengdu, China.",SHH,Ms. Shuqi  Liu,China,,false,false,true,https://www.tongwei.com.cn,,CNY,44798,Chengdu,,86 28 8616 8669,"No. 588, Middle Section of Tianfu Avenue",0,2026-10-07T15:31:00+00:00,2026-10-07T15:31:00+00:00,-0.22841,-0.02675,-0.01804,-0.18777,-0.12462,-0.095,,77976428544,3699853312,-8637521920,-9717351424,,1.502152,35.333,1.676,95694913536,38883862844.82,187779256397.630005,26407264256,,1.029,0.693,215.07,3.1327,2.38,0.45714,0.08929,,Index
601012.SS,"LONGi Green Energy Technology Co., Ltd.",11.21,84950155264,87787380,90799228,10.97,10.87,11.34,11.21,0.32,2.938473,10.89,2026-10-07,,,0.285,7578069148,,-1,Technology,Semiconductor Equipment & Materials,"LONGi Green Energy Technology Co., Ltd. manufactures and sells monocrystalline silicon wafers, solar modules, and green hydrogen equipment in China, Europe, the Asia Pacific, and the United States. The company offers monocrystalline silicon wafers, including tere, p-type, and n-type silicon wafers; high conversion rate components comprising Hi-MO X10, Hi-MO 9, Hi-MO 7, Hi-MO X6 Max, Hi-MO X6, Hi-MO 5m, and Hi-MO 5; green hydrogen production equipment that include ALK Hi1 and ALK G; and building photovoltaics, such as LONGi Hi ROOF S and E, as well as Longji Longding 6 and Longjin 3. It also provides solutions for distributed photovoltaic power stations, ground-mounted photovoltaic power stations, and building-integrated photovoltaics. The company was formerly known as Xi'an LONGI Silicon Materials Corp. and changed its name to LONGi Green Energy Technology Co., Ltd. in January 2017. LONGi Green Energy Technology Co., Ltd. was founded in 2000 and is based in Xi'an, China.",SHH,Mr. Bao Shen  Zhong,China,,false,false,true,https://www.longi.com,,CNY,32775,Xi'an,,86 40 0860 1012,No. 8369 Shangyuan Road,0,2026-10-07T15:31:01+00:00,2026-10-07T15:31:01+00:00,-0.14253,-0.02731,-0.00284,-0.08821,-0.11667,-0.173,,64579112960,1124767104,-4869913600,-7534302720,,1.742577,66.822,1.164,37634060288,54275611054.629997,153803608808.290009,48631812096,,1.279,0.909,75.185,0.6452,2.37,0.2324,0.06677,,Index
6753.T,Sharp Corporation,,409128009728,3405600,3539281,639,630.099976,647.200012,,,,636.5,2026-10-07,,,0.619,649306488,8.625598,73.05,Technology,Consumer Electronics,"Sharp Corporation manufactures and sells telecommunication equipment, electric and electronic application equipment, and electronic components in Japan, the United States, China, rest of Asia, and internationally. It operates in five segments: Smart Life & Energy; Smart Office; Universal Network; Display Device; and Electronic Device. The company offers refrigerators, superheated steam ovens, microwave ovens, small cooking appliances, air conditioners, washing machines, vacuum cleaners, air purifiers, electric fans, dehumidifiers, humidifiers, electric heaters, plasma cluster ion generators, beauty equipment, LED lighting, electronic dictionaries, calculators, telephones, network control units, solar cells, storage batteries, and face masks. It also provides digital multi-function printers, information displays, POS system equipment, and FA equipment, as well as options and consumables, office-related solutions services, various software, and personal computers; and televisions, Blu-ray disc recorders, audio equipment, mobile phones, smartphones, tablet devices, routers, and automotive wireless devices. In addition, the company offers display modules and in-vehicle cameras; and camera modules, sensor modules, optical sensors, optical devices, optoelectronic devices, CMOS image sensors, wafer foundries, semiconductor lasers, and laser diodes. The company was formerly known as Hayakawa Electric Industry Co., Ltd. and changed its name to Sharp Corporation in January 1970. Sharp Corporation was founded in 1912 and is headquartered in Sakai, Japan.",JPX,Mr. Po-Hsuan  Wu,Japan,,false,false,true,https://corporate.jp.sharp,,JPY,34549,Sakai,,81 72 282 1221,1 Takumi-cho,0,2026-10-07T15:31:03+00:00,2026-10-07T15:31:03+00:00,0.09599,0.01829,0.22485,0.01887,0.01256,-0.079,-0.886,1855524962304,77776003072,6141125120,23310000128,,1.387998,8.292,0.348,468541014016,281850000000,1428253000000,250347995136,,1.443,0.878,152.005,0,0.28,0.63692,0.14273,,Equity
688599.SS,"Trina Solar Co., Ltd.",10.99,25744818176,26108556,29877816,10.87,10.77,11.12,10.99,0.19,1.759255,10.8,2026-10-07,,,0.675,2342567686,,-2.02,Technology,Solar,"Trina Solar Co., Ltd. engages in the research and development, production, and sales of photovoltaic (PV) modules in China, Europe, North and Latin America, the United States, Japan, the Asia Pacific, the Middle East, and Africa. It offers silicon photovoltaic modules and monocrystalline silicon solar cells. The company also provides solutions, such as solar modules, energy storage products, photovoltaic brackets, and other products, and inverters. In addition, it offers photovoltaic power generation, photovoltaic power station operation and maintenance, and photovoltaic power station project construction management services, as well as smart solutions for energy storage, smart microgrid, and development and sales of multi-energy systems. The company was founded in 1997 and is headquartered in Changzhou, China.",SHH,Mr. Jifan  Gao,China,,false,false,true,https://www.trinasolar.com/us,,CNY,22301,Changzhou,,86 519 8158 8826,No.2 Tianhe Road,0,2026-10-07T15:31:04+00:00,2026-10-07T15:31:04+00:00,-0.16049,-0.02604,0.04408,-0.08694,-0.06454,-0.094,,67903762432,760159168,6410142720,-4382772224,,1.136387,60.67,0.679,39250210816,21458303500.75,115014364491.820007,21546665984,,1.105,0.601,153.359,0.5972,3.47,0.41455,0.09361,,Index
7203.T,Toyota Motor Corporation,,34347239342080,21035200,28574641,2930.5,2900.5,2944.5,,,,2930.5,2026-10-07,,,0.375,11841833660,8.254596,351.38,Consumer Cyclical,Auto Manufacturers,"Toyota Motor Corporation designs, manufactures, assembles, and sells passenger vehicles, minivans and commercial vehicles, and related parts and accessories in Japan, North America, Europe, Asia, Central and South America, Oceania, Africa, the Middle East, and internationally. The company operates through Automotive, Financial Services, and All Other segments. The company offers subcompact and compact cars; mini-vehicles; mid-size, luxury, sports, and specialty cars; recreational and sport-utility vehicles; pickup trucks; minivans; trucks; and buses. It also develops and sells battery and hybrid electric vehicles and batteries. In addition, the company provides financial services, such as retail financing and leasing, wholesale financing, insurance, and credit cards. Further, it operates GAZOO.com, a web portal for automobile information, as well as engages in telecommunications and other businesses. It offers vehicles under the Toyota and Lexus brand names. It has strategic manufacturing alliance with Joby Aviation, Inc. to establish a joint venture to realize air mobility. Toyota Motor Corporation was founded in 1933 and is headquartered in Toyota, Japan.",JPX,Mr. Yoichi  Miyazaki,Japan,,false,false,true,https://global.toyota,,JPY,367990,Toyota,,81 565 28 2121,1 Toyota-cho,3.41,2026-10-07T15:31:06+00:00,2026-10-07T15:31:06+00:00,0.12404,0.02339,0.16767,0.07863,0.0863,0.104,0.869,51957024686080,5600540884992,-3599962472448,4483796959232,,0.92062,11.825,1.275,43953168580608,39918854000000,105522331000000,13350560858112,,1.169,0.953,114.974,0.2704,1.56,0.09033,0.26054,,Equity
9983.T,"Fast Retailing Co., Ltd.",,22946317860864,1096100,1130051,76660,74780,76870,,,,75590,2026-10-07,,,0.502,306851024,47.99312,1558.14,Consumer Cyclical,Apparel Retail,"Fast Retailing Co., Ltd. operates as an apparel designer and retailer in Japan and internationally. The company operates through UNIQLO Japan, UNIQLO International, GU, and Global Brands segments. It manufactures and retails clothing for men, women, children, and babies. The company operates stores and franchises under the UNIQLO, GU, PLST, Theory, COMPTOIR DES COTONNIERS, J Brand, and PRINCESSE TAM.TAM brand names. It sells its products through online; and provides real estate leasing services. The company was formerly known as Ogori Shoji Co., Ltd. and changed its name to Fast Retailing Co., Ltd. in September 1991. The company was founded in 1949 and is headquartered in Yamaguchi, Japan.",JPX,Mr. Tadashi  Yanai,Japan,,false,false,true,https://www.fastretailing.com,,JPY,59522,Yamaguchi,,,10717-1 Sayama,0.85,2026-10-07T15:31:07+00:00,2026-10-07T15:31:07+00:00,0.22481,0.1092,0.54662,0.20999,0.1351,0.222,0.391,3849012903936,774857031680,350587125760,519987003392,,8.410048,28.367,5.711,798425022464,2273115000000,3859353000000,2094199996416,,3.135,2.432,28.419,0.3722,2.463,0.38247,0.36889,,Equity
AGG,iShares Core U.S. Aggregate Bond ETF,94.190102,,3914952,9486959,93.889999,93.872002,94.245003,94.190102,-0.169899,-0.180054,94.360001,2026-10-07,,,,572600000,120.14044,,,,"The index measures the performance of the total U.S. investment-grade bond market. The fund will invest at least 80% of its assets in the component securities of the underlying index and TBAs that have economic characteristics that are substantially identical to the economic characteristics of the component securities of the underlying index, and the fund will invest at least 90% of its assets in fixed income securities of the types included in the underlying index that the advisor believes will help the fund track the underlying index.",PCX,,,,true,false,true,,,USD,,,,415-670-2000,,4.19,2026-10-07T15:31:09+00:00,2026-10-07T15:31:09+00:00,,,,,,,,,,,,,0.816234,,,,,135651655680,,0.03,,,,,,,,,Equity
AIR.PA,Airbus SE,187.919998,148735016960,537896,966243,186.059998,185.860001,188.759995,187.919998,-0.080002,-0.042554,188,2026-10-07,,,0.887,791480489,25.022636,7.51,Industrials,Aerospace & Defense,"Airbus SE, together with its subsidiaries, engages in the design, manufacture, and delivery of aeronautics and aerospace products, services, and solutions worldwide. It operates through three segments: Airbus, Airbus Helicopters, and Airbus Defence and Space. The Airbus segment develops, manufactures, markets, and sells commercial jet passenger aircraft, freighter aircraft, regional turboprop aircraft, and aircraft components, as well as provides aircraft conversion and related services. The Airbus Helicopters segment develops, manufactures, markets, and sells civil and military helicopters; and provides uncrewed aerial systems and their related services. The Airbus Defence and Space segment designs, develops, delivers, and supports crewed and uncrewed military air systems and related services. This segment also offers civil and defence space systems for telecommunications, earth observations, navigation, and science and orbital systems; and services around data processing from platforms, secure communication, and cyber security. The company was formerly known as Airbus Group SE and changed its name to Airbus SE in April 2017. The company was incorporated in 1998 and is headquartered in Leiden, the Netherlands.",PAR,Dr. Thomas  Toepfer Ph.D.,Netherlands,,false,false,true,https://www.airbus.com,,EUR,168754,Leiden,,,PO Box 32008,1.7,2026-10-07T15:31:10+00:00,2026-10-07T15:31:10+00:00,0.23193,0.03131,0.16309,0.11357,0.07714,0.277,1.258,76985999360,9004000256,3128750080,5938999808,,5.748371,16.663,1.949,14275999744,26104000000,134939000000,13128999936,,1.146,0.363,54.988,0.4261,1.4207,0.25706,0.37394,,Equity
AMLP,Alerian MLP ETF,52.029999,,713973,1206720,53.509998,52.009998,53.509998,52.029999,-1.420002,-2.656692,53.450001,2026-10-07,,,,,14.372846,,,,"The fund will normally invest at least 90% of its total assets in securities that comprise the underlying index. The underlying index is comprised of energy infrastructure MLPs that earn a majority of their cash flow from the transportation, storage and processing of energy commodities. It is non-diversified.",PCX,,,,true,false,true,,,USD,,,,855.724.0450,,7.84,2026-10-07T15:31:12+00:00,2026-10-07T15:31:12+00:00,,,,,,,,,,,,,,,,,,12619125760,,1.01,,,,,,,,,Equity
AMZU,Direxion Daily AMZN Bull 2X Shares,36.009998,,1095381,2431767,35.27,35.009998,36.130001,36.009998,0.119999,0.334352,35.889999,2026-10-07,,,,,19.962149,,,,"The fund will enter into one or more swap agreements with major global financial institutions whereby the fund and the global financial institution will agree to exchange the return earned on an investment by The fund invests in AMZN that is equal, on a daily basis, to 200% of the value of the fund's net assets. It is non-diversified.",NGM,,,,true,false,true,,,USD,,,,866-476-7523,,2.22,2026-10-07T15:31:13+00:00,2026-10-07T15:31:13+00:00,,,,,,,,,,,,,,,,,,342533632,,0.99,,,,,,,,,Equity
ANTH.PVT,Anthropic,589.01001,,0,,589.01001,589.01001,589.01001,589.01001,0,0,589.01001,2026-10-07,,,,,,,Artificial Intelligence,"Artificial Intelligence (AI), Generative AI, Information Technology, Machine Learning","Anthropic is an AI research firm, focusing on enhancing the safety and functionality of AI systems. The company's expertise extends across various domains, including natural language processing, human feedback and code generation. Their flagship product, Claude, has the ability to handle complex, voluminous text data, opening up new possibilities for in-depth analysis and decision-making support.",PVT,,US,,false,false,true,https://www.anthropic.com,,USD,1001,San Francisco,CA,,,,2026-10-07T15:31:15+00:00,2026-10-07T15:31:15+00:00,,,,,,,,,,,,,,,,,,,,,,,,,,,,,Private
AUDUSD=X,AUD/USD,0.696233,,0,0,0.698422,0.694637,0.698617,0.696233,-0.000497,-0.071297,0.69673,2026-10-07,,,,,,,Currencies,Foreign Exchange,,CCY,,,,false,false,true,,,USD,,,,,,,2026-10-07T15:31:17+00:00,2026-10-07T15:31:17+00:00,,,,,,,,,,,,,,,,,,,,,,,,,,,,,FX
B0=F,Mont Belvieu TET Propane (OPIS),0.915,,10,,0.915,0.915,0.915,0.915,,,,2026-10-07,,,,,,,Commodities & Futures,Energy,,NYM,,,,false,false,true,,,USD,,,,,,,2026-10-07T15:31:18+00:00,2026-10-07T15:31:18+00:00,,,,,,,,,,,,,,,,,,,,,,,,,,,,,Future
BDRY,Breakwave Dry Bulk Shipping ETF,14.5199,,12281,73564,14.45,14.355,14.5839,14.5199,0.4199,2.978014,14.1,2026-10-07,,,,,9.412486,,,,"The fund seeks to achieve its investment objective by investing substantially all of its assets in the Freight Futures currently constituting the Benchmark Portfolio. The Benchmark Portfolio includes a combination of Capesize, Panamax and Supramax Freight Futures.",PCX,,,,true,false,true,,,USD,,,,(908) 897-0510,,0,2026-10-07T15:31:19+00:00,2026-10-07T15:31:19+00:00,,,,,,,,,,,,,,,,,,36378560,,3.5,,,,,,,,,Equity
BIL,State Street SPDR Bloomberg 1-3 Month T-Bill ETF,91.4533,,3052557,9957998,91.459999,91.449997,91.459999,91.4533,0.003304,0.003612,91.449997,2026-10-07,,,,,,,,,"The fund invests substantially all, but at least 80%, of its total assets in the securities comprising the index and in securities that the Adviser determines have economic characteristics that are substantially identical to the economic characteristics of the securities that comprise the index. The index measures the performance of public obligations of the U.S. Treasury that have a remaining maturity of greater than or equal to 1 month and less than 3 months.",PCX,,,,true,false,true,,,USD,,,,,,3.71,2026-10-07T15:31:21+00:00,2026-10-07T15:31:21+00:00,,,,,,,,,,,,,,,,,,49792606208,,0.1353,,,,,,,,,Equity
BLOK,Amplify Blockchain Technology ETF,59.9604,,64404,209993,60.389999,59.91,60.540001,59.9604,-1.999599,-3.227243,61.959999,2026-10-07,,,,,18.180296,,,,The fund is an actively managed ETF that seeks to provide total return by investing at least 80% of its net assets (plus borrowings for investment purposes) in the equity securities of companies actively involved in the development and utilization of blockchain technologies.,PCX,,,,true,false,true,,,USD,,,,(630) 464-7600,,0.8,2026-10-07T15:31:22+00:00,2026-10-07T15:31:22+00:00,,,,,,,,,,,,,,,,,,1104851072,,0.7,,,,,,,,,Equity
BNB-USD,BNB USD,767.200012,102000844800,1570116992,1371190028,779.586548,764.245422,779.586548,767.200012,-12.415955,-1.592573,779.615967,2026-10-07,,,,,,,Cryptocurrency,BNB,,CCC,,,,false,false,true,https://bnbchain.org/en,,USD,,,,,,,2026-10-07T15:31:24+00:00,2026-10-07T15:31:24+00:00,,,,,,,,,,,,,,,,,,,,,,,,,,,,,Crypto
BND,Vanguard Total Bond Market Index Fund ETF Shares,69.915001,,2909476,8860289,69.675003,69.660004,69.945,69.915001,-0.104996,-0.149951,70.019997,2026-10-07,,,,,,,,,"This index measures the performance of a wide spectrum of public, investment-grade, taxable, fixed income securities in the United States-including government, corporate, and international dollar-denominated bonds, as well as mortgage-backed and asset-backed securities-all with maturities of more than 1 year. All of the fund's investments will be selected through the sampling process, and at least 80% of its assets will be invested in bonds held in the index.",NGM,,,,true,false,true,,,USD,,,,800-523-1036,,4.17,2026-10-07T15:31:25+00:00,2026-10-07T15:31:25+00:00,,,,,,,,,,,,,,,,,,396725813248,,0.03,,,,,,,,,Equity
BNDX,Vanguard Total International Bond Index Fund ETF Shares,46.809898,,1808522,4296807,46.68,46.68,46.814999,46.809898,-0.0401,-0.085593,46.849998,2026-10-07,,,,,,,,,"The fund employs an indexing investment approach designed to track the performance of the Bloomberg Global Aggregate ex-USD Float Adjusted RIC Capped Index (USD Hedged). This index provides a broad-based measure of the global, investment-grade, fixed-rate bond markets. It is non-diversified.",NGM,,,,true,false,true,,,USD,,,,,,4.68,2026-10-07T15:31:27+00:00,2026-10-07T15:31:27+00:00,,,,,,,,,,,,,,,,,,122395451392,,0.07,,,,,,,,,Equity
BOSCHLTD.NS,Bosch Limited,44410,1309921771520,21193,33892,45000,44305,45000,44410,-590,-1.311111,45000,2026-10-07,,,0.715,29496100,55.42728,801.23,Consumer Cyclical,Auto Parts,"Bosch Limited engages in the manufacture and trading of automotive products in India. It operates through Automotive Products, Consumer Goods, and Others segments. The company offers products, such as spark and glow plugs; ignition coil; nozzle holder, components, and fuel rail assembly; LAG, SAG, rotary drill, hammer, and marble cutter; impact drilling machine; fuel injection pump and components; blower; and machines and components. It also provides diesel and gasoline fuel injection systems; automotive aftermarket products; industrial equipment; electrical power tools; security systems; and industrial and consumer energy products and solutions. In addition, the company offers components and systems for internal combustion engines; develops thermal management systems; two wheeler and power sports; filters to batteries, lubricants, wiper blades, and diagnostic equipment and software; diesel systems, braking systems, auto electricals, and gasoline system products; trading activities in power tools and consumables; engages in hydrogen business; industrial and building technology products and services; and operates authorized workshops and service centers. Further, it supplies power tools and related accessories, garden tools, and measuring technology. Additionally, the company provides fire safety solutions. It also exports its products. The company was founded in 1886 and is headquartered in Bengaluru, India. Bosch Limited operates as a subsidiary of Robert Bosch Internationale Beteiligungen AG.",NSI,Mr. Sandeep  Nelamangala,India,,false,false,true,https://www.bosch.in,,INR,37131,Bengaluru,,91 92 6210 5247,Hosur Road,0.6,2026-10-07T15:31:28+00:00,2026-10-07T15:31:28+00:00,,,0.33551,0.12362,0.11328,0.22,-0.367,208610000896,28001748992,,23631998976,,8.823139,45.184,6.065,1188000000,148452000000,216797000000,63159001088,,,,0.8,0.639,,0.70666,0.18267,,Equity
BTC-USD,Bitcoin USD,83147.078125,1668299358208,37962371072,27746326046,85546.226562,82875.101562,85570.695312,83147.078125,-2410.484375,-2.817383,85557.5625,2026-10-07,,,,,,,Cryptocurrency,Bitcoin,,CCC,,,,false,false,true,https://bitcoin.org/,,USD,,,,,,,2026-10-07T15:31:30+00:00,2026-10-07T15:31:30+00:00,,,,,,,,,,,,,,,,,,,,,,,,,,,,,Crypto
BWET,Breakwave Tanker Shipping ETF,940.880005,,50367,222306,948.090027,938.385803,960.233276,940.880005,-8.619995,-0.907846,949.5,2026-10-07,,,,,22.555672,,,,Freight Futures reflect market expectations for the future cost of transporting crude oil. Each Reference index is published each United Kingdom business day by the London-based Baltic Exchange Ltd. and measures the charter rate for shipping crude oil in a specific size category of cargo ship and for a specific route.,PCX,,,,true,false,true,,,USD,,,,(908) 897-0510,,0,2026-10-07T15:31:34+00:00,2026-10-07T15:31:34+00:00,,,,,,,,,,,,,,,,,,190208288,,3.5,,,,,,,,,Equity
BZ=F,Brent Crude Oil Last Day Financial Futures,101.790001,,27864,40834,100.970001,100.779999,102.589996,101.790001,1.209999,1.203022,100.580002,2026-10-07,,,,,,,Commodities & Futures,Energy,,NYM,,,,false,false,true,,,USD,,,,,,,2026-10-07T15:31:35+00:00,2026-10-07T15:31:35+00:00,,,,,,,,,,,,,,,,,,,,,,,,,,,,,Future
BRL=X,USD/BRL,4.9965,,0,0,4.9703,4.9679,5.01,4.9965,-0.0002,-0.003999,4.9967,2026-10-07,,,,,,,Currencies,Foreign Exchange,,CCY,,,,false,false,true,,,BRL,,,,,,,2026-10-07T15:31:36+00:00,2026-10-07T15:31:36+00:00,,,,,,,,,,,,,,,,,,,,,,,,,,,,,FX
CC=F,Cocoa Dec 26,5611,,11271,11402,5772,5549,5820,5611,-89,-1.561404,5700,2026-10-07,,,,,,,Commodities & Futures,Softs,,NYB,,,,false,false,true,,,USD,,,,,,,2026-10-07T15:31:37+00:00,2026-10-07T15:31:37+00:00,,,,,,,,,,,,,,,,,,,,,,,,,,,,,Future
CHF=X,USD/CHF,0.83351,,0,0,0.83118,0.83061,0.8339,0.83351,0.00239,0.28756,0.83112,2026-10-07,,,,,,,Currencies,Foreign Exchange,,CCY,,,,false,false,true,,,CHF,,,,,,,2026-10-07T15:31:39+00:00,2026-10-07T15:31:39+00:00,,,,,,,,,,,,,,,,,,,,,,,,,,,,,FX
CL=F,Crude Oil Nov 26,89.68,,132102,281204,89.959999,89.330002,90.980003,89.68,0.239998,0.268334,89.440002,2026-10-07,,,,,,,Commodities & Futures,Energy,,NYM,,,,false,false,true,,,USD,,,,,,,2026-10-07T15:31:40+00:00,2026-10-07T15:31:40+00:00,,,,,,,,,,,,,,,,,,,,,,,,,,,,,Future
CLP=X,USD/CLP,978.429993,,0,0,971.849976,971.5,982.47998,978.429993,5.799988,0.59632,972.630005,2026-10-07,,,,,,,Currencies,Foreign Exchange,,CCY,,,,false,false,true,,,CLP,,,,,,,2026-10-07T15:31:43+00:00,2026-10-07T15:31:43+00:00,,,,,,,,,,,,,,,,,,,,,,,,,,,,,FX
CNY=X,USD/CNY,6.6933,,0,0,6.6918,6.6918,6.7048,6.6933,-0.0112,-0.167058,6.7045,2026-10-07,,,,,,,Currencies,Foreign Exchange,,CCY,,,,false,false,true,,,CNY,,,,,,,2026-10-07T15:31:44+00:00,2026-10-07T15:31:44+00:00,,,,,,,,,,,,,,,,,,,,,,,,,,,,,FX
CPER,"United States Copper Index Fund, LP",39.939999,,145796,499893,39.970001,39.794998,39.970001,39.939999,-0.09,-0.224832,40.029999,2026-10-07,,,,,4.623755,,,,"The fund seeks to achieve its investment objective by investing in the Benchmark Component Copper Futures Contracts. The SCI is designed to reflect the performance of the investment returns from a portfolio of copper futures contracts on the Commodity Exchange, Inc. exchange (""COMEX"").",PCX,,,,true,false,true,,,USD,,,,,,0,2026-10-07T15:31:46+00:00,2026-10-07T15:31:46+00:00,,,,,,,,,,,,,1.334581,,,,,713378176,,0.88,,,,,,,,,Equity
CT=F,Cotton,80.220001,,5381,,63.150002,77.230003,78.93,80.220001,2.739998,3.536394,77.480003,2026-10-07,,,,,,,Commodities & Futures,Softs,,NYM,,,,false,false,true,,,USX,,,,,,,2026-10-07T15:31:47+00:00,2026-10-07T15:31:47+00:00,,,,,,,,,,,,,,,,,,,,,,,,,,,,,Future
DATB.PVT,Databricks,268.5,,0,,268.5,268.5,268.5,268.5,0,0,268.5,2026-10-07,,,,,,,Data and Analytics,"Analytics, Artificial Intelligence (AI), Data Storage, Information Technology, Machine Learning","Databricks is a software platform that aims to help its customers unify their analytics by managing, processing, and analyzing large-scale data efficiently. The company's platform offers customers a lakehouse architecture that combines the flexibility of data lakes with the performance and reliability of data warehouses, supporting diverse workloads like data engineering, real-time analytics, and machine learning. Databricks claims to allow costumers to use its platform for faster development and deployment of AI and analytics solutions.",PVT,,US,,false,false,true,https://www.databricks.com,,USD,10001,San Francisco,CA,,,,2026-10-07T15:31:48+00:00,2026-10-07T15:31:48+00:00,,,,,,,,,,,,,,,,,,,,,,,,,,,,,Private
DIA,State Street SPDR Dow Jones Industrial Average ETF Trust,509.255005,,2322790,3435842,510.470001,508.459991,511.619995,509.255005,-5.304993,-1.030977,514.559998,2026-10-07,,,,81242896,20.67819,,,,"The Trust’s Portfolio consists of substantially all of the component common stocks that comprise the DJIA, which are weighted in accordance with the terms of the Trust Agreement.",PCX,,,,true,false,true,,,USD,,,,866.787.2257,,1.42,2026-10-07T15:31:50+00:00,2026-10-07T15:31:50+00:00,,,,,,,,,,,,,1.42173,,,,,43860340736,,0.16,,,,,,,,,Equity
DOGE-USD,Dogecoin USD,0.08841,13766971392,1578694400,830396841,0.093746,0.088069,0.093841,0.08841,-0.005336,-5.691978,0.093746,2026-10-07,,,,,,,Cryptocurrency,Dogecoin,,CCC,,,,false,false,true,http://dogecoin.com/,,USD,,,,,,,2026-10-07T15:31:51+00:00,2026-10-07T15:31:51+00:00,,,,,,,,,,,,,,,,,,,,,,,,,,,,,Crypto
DX-Y.NYB,US Dollar Index,102.311996,,0,0,101.885002,101.903,102.499001,102.311996,0.481995,0.473333,101.830002,2026-10-07,,,,,,,Indices,Stock Index,,NYB,,,,false,false,true,,,USD,,,,,,,2026-10-07T15:31:52+00:00,2026-10-07T15:31:52+00:00,,,,,,,,,,,,,,,,,,,,,,,,,,,,,Index
EGP=X,USD/EGP,52.310001,,0,0,52.23,52.169998,52.400002,52.310001,-0.056297,-0.107507,52.366299,2026-10-07,,,,,,,Currencies,Foreign Exchange,,CCY,,,,false,false,true,,,EGP,,,,,,,2026-10-07T15:31:54+00:00,2026-10-07T15:31:54+00:00,,,,,,,,,,,,,,,,,,,,,,,,,,,,,FX
EMB,iShares J.P. Morgan USD Emerging Markets Bond ETF,90.540001,,3987202,6817754,90.379997,90.230003,90.559998,90.540001,-0.409996,-0.450793,90.949997,2026-10-07,,,,,,,,,"The fund will invest at least 80% of its assets in the component securities of the underlying index and will invest at least 90% of its assets in fixed income securities of the types included in the underlying index. The index is a broad, diverse U.S. dollar-denominated emerging markets debt benchmark that tracks the total return of actively traded external debt instruments in emerging market countries.",NGM,,,,true,false,true,,,USD,,,,415-670-2000,,5.36,2026-10-07T15:31:55+00:00,2026-10-07T15:31:55+00:00,,,,,,,,,,,,,,,,,,12927995904,,0.39,,,,,,,,,Equity
ERIC-B.ST,Telefonaktiebolaget LM Ericsson (publ),94.900002,308753661952,9112276,9007670,93.980003,93.760002,95.360001,94.900002,1.160004,1.237469,93.739998,2026-10-07,,,0.511,2991707089,12.859078,7.38,Technology,Communication Equipment,"Telefonaktiebolaget LM Ericsson (publ), together with its subsidiaries, provides mobile connectivity solutions to communications service providers, enterprises, and the public sector in the Americas, Europe, the Middle East, Africa, Northeast Asia, Southeast Asia, Oceania, and India. It operates through Networks; Cloud Software and Services; Enterprise; and Other segments. The Networks segment offers hardware, software, and service offerings for intelligent, reliable and flexible 5G networks. This segment also provides energy-efficient RAN with an AI-native software architecture deployable on Ericsson silicon and third-party CPUs/GPUs; transport networks; and active/ passive antennas, as well as deployment and lifecycle management services. The Cloud Software and Services segment provides core networks, network management, business and operations support systems, and network operations delivered as managed services, including secure data and voice connectivity, service monetization and orchestration tools, and network management services. The Enterprise segment offers intelligent networking and advanced communications software solutions comprising global communications platform, wireless wide area networks (WWAN), and private 5G networks. The Other segment includes RedBee Media that prepares and distributes live and on-demand video services for broadcasters, sports leagues, and communications service providers. The company has a strategic collaboration with T-Mobile US, Inc for the development of AI-native Scheduler with Link Adaptation software. The company was formerly known as Allmanna Telefon AB LM Ericsson and changed its name to Telefonaktiebolaget LM Ericsson (publ) in January 1926. Telefonaktiebolaget LM Ericsson (publ) was founded in 1876 and is headquartered in Stockholm, Sweden.",STO,Mr. Lars  Sandstrom M.Sc.,Sweden,,false,false,true,https://www.ericsson.com,,SEK,86536,Stockholm,,46 10 719 00 00,Torshamnsgatan 21,3.2,2026-10-07T15:31:59+00:00,2026-10-07T15:31:59+00:00,0.26077,0.06946,0.48125,0.12484,0.10831,-0.061,-0.109,227546005504,35283001344,30705874944,24644999168,,3.015762,8.39,1.301,39478001664,109535000000,279223000000,54103998464,,1.12,0.864,37.682,0.3957,1.93,0.00098,0.67347,,Equity
ES=F,E-Mini S&P 500 Dec 26,7825.25,,715798,1363859,7881.5,7815.75,7884.5,7825.25,-48.75,-0.619126,7874,2026-10-07,,,,,,,Commodities & Futures,Equity Index Future,,CME,,,,false,false,true,,,USD,,,,,,,2026-10-07T15:32:00+00:00,2026-10-07T15:32:00+00:00,,,,,,,,,,,,,,,,,,,,,,,,,,,,,Future
ETH-USD,Ethereum USD,2564.419922,312482004992,19956740096,12234064868,2697.319336,2553.726074,2698.372559,2564.419922,-133.096436,-4.934036,2697.516357,2026-10-07,,,,,,,Cryptocurrency,Ethereum,,CCC,,,,false,false,true,https://www.ethereum.org/,,USD,,,,,,,2026-10-07T15:32:02+00:00,2026-10-07T15:32:02+00:00,,,,,,,,,,,,,,,,,,,,,,,,,,,,,Crypto
ETHA,iShares Ethereum Trust ETF,57.970001,,9493573,12182578,57.900002,57.689999,58.279999,57.970001,-2.919998,-4.79553,60.889999,2026-10-07,,,,,,,,,"The shares are intended to constitute a simple means of making an investment similar to an investment in ether rather than by acquiring, holding and trading ether directly on a peer-to-peer or other basis or via a digital asset platform. The shares have been designed to remove the obstacles represented by the complexities and operational burdens involved in a direct investment in ether.",NGM,,,2024-07-23,true,false,true,,,USD,,,,,,0,2026-10-07T15:32:03+00:00,2026-10-07T15:32:03+00:00,,,,,,,,,,,,,,,,,,9825040384,,0.25,,,,,,,,,Equity
ETHW,Bitwise Ethereum ETF,18.305,,109922,854417,18.309999,18.2449,18.405001,18.305,-0.945,-4.909089,19.25,2026-10-07,,,,,,,,,"In seeking to achieve its investment objective, the trust will hold ether and accrue the sponsor’s management fee (the “Sponsor Fee”) in U.S. dollars. The trust is passively managed and does not pursue active management investment strategies, and the sponsor does not actively manage the ether held by the trust.",PCX,,,,true,false,true,,,USD,,,,,,0,2026-10-07T15:32:04+00:00,2026-10-07T15:32:04+00:00,,,,,,,,,,,,,,,,,,297422528,,,,,,,,,,,Equity
EURCAD=X,EUR/CAD,1.59524,,0,0,1.59918,1.59038,1.59999,1.59524,-0.00453,-0.283163,1.59977,2026-10-07,,,,,,,Currencies,Foreign Exchange,,CCY,,,,false,false,true,,,CAD,,,,,,,2026-10-07T15:32:06+00:00,2026-10-07T15:32:06+00:00,,,,,,,,,,,,,,,,,,,,,,,,,,,,,FX
EURCHF=X,EUR/CHF,0.93257,,0,0,0.936,0.92924,0.9368,0.93257,0.00009,0.009652,0.93248,2026-10-07,,,,,,,Currencies,Foreign Exchange,,CCY,,,,false,false,true,,,CHF,,,,,,,2026-10-07T15:32:08+00:00,2026-10-07T15:32:08+00:00,,,,,,,,,,,,,,,,,,,,,,,,,,,,,FX
EURHUF=X,EUR/HUF,365.812988,,0,0,364.959991,364.622986,367.231995,365.812988,-0.887024,-0.241894,366.700012,2026-10-07,,,,,,,Currencies,Foreign Exchange,,CCY,,,,false,false,true,,,HUF,,,,,,,2026-10-07T15:32:09+00:00,2026-10-07T15:32:09+00:00,,,,,,,,,,,,,,,,,,,,,,,,,,,,,FX
EURJPY=X,EUR/JPY,176.910004,,0,0,177.992996,176.535004,178.302002,176.910004,-0.274002,-0.154643,177.184006,2026-10-07,,,,,,,Currencies,Foreign Exchange,,CCY,,,,false,false,true,,,JPY,,,,,,,2026-10-07T15:32:10+00:00,2026-10-07T15:32:10+00:00,,,,,,,,,,,,,,,,,,,,,,,,,,,,,FX
EURSEK=X,EUR/SEK,11.20407,,0,0,11.2436,11.19737,11.2635,11.20407,-0.05398,-0.479478,11.25805,2026-10-07,,,,,,,Currencies,Foreign Exchange,,CCY,,,,false,false,true,,,SEK,,,,,,,2026-10-07T15:32:11+00:00,2026-10-07T15:32:11+00:00,,,,,,,,,,,,,,,,,,,,,,,,,,,,,FX
EURUSD=X,EUR/USD,1.119069,,0,0,1.12638,1.116819,1.126634,1.119069,-0.002636,-0.235006,1.121705,2026-10-07,,,,,,,Currencies,Foreign Exchange,,CCY,,,,false,false,true,,,USD,,,,,,,2026-10-07T15:32:13+00:00,2026-10-07T15:32:13+00:00,,,,,,,,,,,,,,,,,,,,,,,,,,,,,FX
EWC,iShares MSCI Canada ETF,58.009998,,337463,1674429,58.580002,57.955002,58.580002,58.009998,-1.170002,-1.977023,59.18,2026-10-07,,,,94800000,18.400757,,,,The fund generally will invest at least 80% of its assets in the component securities of its underlying index and in investments that have economic characteristics that are substantially identical to the component securities of its underlying index. The underlying index is designed to measure broad-based equity performance in Canada. The underlying index includes large- and mid-capitalization companies and may change over time.,PCX,,,,true,false,true,,,USD,,,,,,1.29,2026-10-07T15:32:16+00:00,2026-10-07T15:32:16+00:00,,,,,,,,,,,,,1.790708,,,,,7015600640,,0.5,,,,,,,,,Equity
EWG,iShares MSCI Germany ETF,40.77,,808427,940954,40.77,40.610001,40.855,40.77,-0.720001,-1.735361,41.490002,2026-10-07,,,,79500000,16.959936,,,,The fund generally will invest at least 80% of its assets in the component securities of its underlying index and in depositary receipts representing securities of the underlying index. The underlying index is designed to measure the performance of the large- and mid-capitalization segments of the German equity market. The fund is non-diversified.,PCX,,,,true,false,true,,,USD,,,,,,2.01,2026-10-07T15:32:17+00:00,2026-10-07T15:32:17+00:00,,,,,,,,,,,,,1.267212,,,,,1473391232,,0.49,,,,,,,,,Equity
EWI,iShares MSCI Italy ETF,56.25,,88415,379232,56.240002,56.025002,56.404999,56.25,-1.689999,-2.916808,57.939999,2026-10-07,,,,8550000,13.814734,,,,The fund generally will invest at least 80% of its assets in the component securities of its underlying index and in investments that have economic characteristics that are substantially identical to the component securities of its underlying index. The underlying index is a free float-adjusted market capitalization-weighted index that is designed to measure the performance of the large- and mid-capitalization segments of the equity market in Italy. The fund is non-diversified.,PCX,,,,true,false,true,,,USD,,,,,,3.2,2026-10-07T15:32:18+00:00,2026-10-07T15:32:18+00:00,,,,,,,,,,,,,1.71009,,,,,1174365440,,0.5,,,,,,,,,Equity
EWJ,iShares MSCI Japan ETF,98.055,,1181071,3988917,97.970001,97.639999,98.165001,98.055,-1.264999,-1.27366,99.32,2026-10-07,,,,227850000,19.539255,,,,The fund generally will invest at least 80% of its assets in the component securities of its underlying index and in investments that have economic characteristics that are substantially identical to the component securities of its underlying index. The underlying index is designed to measure the performance of the large- and mid-capitalization segments of the Japanese equity market.,PCX,,,,true,false,true,,,USD,,,,,,3.66,2026-10-07T15:32:20+00:00,2026-10-07T15:32:20+00:00,,,,,,,,,,,,,1.450196,,,,,23533963264,,0.49,,,,,,,,,Equity
EWQ,iShares MSCI France ETF,41.185001,,557970,309825,41.150002,41.084999,41.459999,41.185001,-0.625,-1.494858,41.810001,2026-10-07,,,,28800000,16.04537,,,,The fund generally will invest at least 80% of its assets in the component securities of its underlying index and in investments that have economic characteristics that are substantially identical to the component securities of its underlying index. The index is designed to measure the performance of the large- and mid-capitalization segments of the French equity market. The fund is non-diversified.,PCX,,,,true,false,true,,,USD,,,,,,3.09,2026-10-07T15:32:21+00:00,2026-10-07T15:32:21+00:00,,,,,,,,,,,,,1.059994,,,,,340986400,,0.5,,,,,,,,,Equity
EWW,iShares MSCI Mexico ETF,71.769997,,770495,1143771,71.970001,71.540001,72.169998,71.769997,-0.920006,-1.265657,72.690002,2026-10-07,,,,18900000,11.862537,,,,"The fund generally will invest at least 80% of its assets in the component securities of its underlying index and in investments that have economic characteristics that are substantially identical to the component securities of its underlying index. The underlying index is a free float-adjusted market capitalization-weighted index that is designed to measure the performance of the large-, mid- and small- capitalization segments of the equity market in Mexico. The fund is non-diversified.",PCX,,,,true,false,true,,,USD,,,,,,3.47,2026-10-07T15:32:22+00:00,2026-10-07T15:32:22+00:00,,,,,,,,,,,,,1.400663,,,,,1491775360,,0.5,,,,,,,,,Equity
EWY,iShares MSCI South Korea ETF,184.020004,,6215940,17885932,182.345001,180.529999,184.320007,184.020004,-2.37999,-1.276819,186.399994,2026-10-07,,,,75600000,10.588742,,,,The fund generally will invest at least 80% of its assets in the component securities of its underlying index and in investments that have economic characteristics that are substantially identical to the component securities of its underlying index. The index is a free float-adjusted market capitalization-weighted index that is designed to measure the performance of the large- and mid-capitalization segments of the equity market in Korea. The fund is non-diversified.,PCX,,,,true,false,true,,,USD,,,,,,1.11,2026-10-07T15:32:23+00:00,2026-10-07T15:32:23+00:00,,,,,,,,,,,,,2.086371,,,,,26213310464,,0.59,,,,,,,,,Equity
EWZ,iShares MSCI Brazil ETF,42.465,,18583589,26520828,42.91,42.41,42.959999,42.465,-0.535,-1.244186,43,2026-10-07,,,,200550000,12.350426,,,,The fund generally will invest at least 80% of its assets in the component securities of its underlying index and in investments that have economic characteristics that are substantially identical to the component securities of its underlying index. The index is a free float-adjusted market capitalization-weighted index designed to measure the performance of the large- and mid- capitalization segments of the equity market in Brazil. The fund is non-diversified.,PCX,,,,true,false,true,,,USD,,,,,,3.94,2026-10-07T15:32:25+00:00,2026-10-07T15:32:25+00:00,,,,,,,,,,,,,1.160817,,,,,8635897856,,0.59,,,,,,,,,Equity
FNDA,Schwab Fundamental U.S. Small Company ETF,35.279999,,166090,1189173,35.560001,35.259998,35.610001,35.279999,-0.59,-1.644829,35.869999,2026-10-07,,,,,18.132854,,,,"The fund normally will invest at least 90% of its net assets (including, for this purpose, any borrowings for investment purposes) in stocks included in the index. The index measures the performance of the small company size segment by fundamental overall company scores (scores), which are created using as the universe the U.S. companies in the RAFI Global Equity Investable Universe (the parent universe).",PCX,,,,true,false,true,,,USD,,,,1-800-435-4000,,1.26,2026-10-07T15:32:27+00:00,2026-10-07T15:32:27+00:00,,,,,,,,,,,,,,,,,,8614898688,,0.25,,,,,,,,,Equity
GBPJPY=X,GBP/JPY,208.884995,,0,0,209.690994,208.723999,210.201004,208.884995,0.084,0.04023,208.800995,2026-10-07,,,,,,,Currencies,Foreign Exchange,,CCY,,,,false,false,true,,,JPY,,,,,,,2026-10-07T15:32:28+00:00,2026-10-07T15:32:28+00:00,,,,,,,,,,,,,,,,,,,,,,,,,,,,,FX
GBPUSD=X,GBP/USD,1.321074,,0,0,1.32744,1.319453,1.327739,1.321074,-0.000786,-0.059449,1.32186,2026-10-07,,,,,,,Currencies,Foreign Exchange,,CCY,,,,false,false,true,,,USD,,,,,,,2026-10-07T15:32:30+00:00,2026-10-07T15:32:30+00:00,,,,,,,,,,,,,,,,,,,,,,,,,,,,,FX
GC=F,Gold Dec 26,4124.799805,,120452,154401,4195,4091.199951,4197.799805,4124.799805,-62.300293,-1.48791,4187.100098,2026-10-07,,,,,,,Commodities & Futures,Metals,,CMX,,,,false,false,true,,,USD,,,,,,,2026-10-07T15:32:31+00:00,2026-10-07T15:32:31+00:00,,,,,,,,,,,,,,,,,,,,,,,,,,,,,Future
GF=F,Feeder Cattle,336.75,,5267,4022,337.399994,335.875,338.200012,336.75,-3.75,-1.101322,340.5,2026-10-07,,,,,,,Commodities & Futures,Livestock,,CME,,,,false,false,true,,,USX,,,,,,,2026-10-07T15:32:32+00:00,2026-10-07T15:32:32+00:00,,,,,,,,,,,,,,,,,,,,,,,,,,,,,Future
GLD,SPDR Gold Shares,376.640289,,3369593,9193509,374.970001,374.23999,376.790009,376.640289,-5.6297,-1.472703,382.269989,2026-10-07,,,,260300000,,,,,"The Trust holds gold bars and from time to time, issues Baskets in exchange for deposits of gold and distributes gold in connection with redemptions of Baskets. The investment objective of the Trust is for the Shares to reflect the performance of the price of gold bullion, less the Trust’s expenses. The Sponsor believes that, for many investors, the Shares represent a cost-effective investment in gold.",PCX,,,,true,false,true,,,USD,,,,,,0,2026-10-07T15:32:34+00:00,2026-10-07T15:32:34+00:00,,,,,,,,,,,,,2.21531,,,,,141702414336,,0.4,,,,,,,,,Equity
GLEN.L,Glencore plc,567.700012,66566746112,27210165,40073470,569.900024,563.900024,578.10199,567.700012,-5.799988,-1.011332,573.5,2026-10-07,,,0.568,11725690359,16.69706,0.34,Basic Materials,Other Industrial Metals & Mining,"Glencore plc engages in the production, refinement, processing, storage, transport, and marketing of metals and minerals, and energy products in the Americas, Europe, Asia, Africa, and Oceania. The company operates in two segments, Marketing Activities and Industrial Activities. It engages in the production and marketing of copper, cobalt, lead, nickel, zinc, chrome ore, ferrochrome, vanadium, aluminum, alumina, and iron ore; and coal, crude oil, refined products, and natural gas, as well as oil exploration and production and refining and distribution. The company is also involved in marketing and distributing physical commodities sourced from third party producers to industrial consumers, including the battery, electronic, construction, automotive, steel, energy, and oil industries. In addition, the company provides financing, logistics, and other services to producers and consumers of commodities. Glencore plc was founded in 1974 and is headquartered in Baar, Switzerland.",LSE,Mr. Gary  Nagle C.A.,Switzerland,,false,false,true,https://www.glencore.com,,GBp,140000,Baar,,41 41 709 2000,Baarermattstrasse 3,2.19,2026-10-07T15:32:36+00:00,2026-10-07T15:32:36+00:00,0.1604,0.03168,0.03405,0.02801,0.01781,0.486,,304568991744,12650000384,3196499968,5423000064,686000000,2.114655,8.253,0.343,45732999168,38860000000,142199000000,3736999936,,1.06,0.325,124.234,0.2991,0.2136,0.13736,0.64699,,Equity
GOVT,iShares U.S. Treasury Bond ETF,21.7999,,8329219,11350665,21.75,21.74,21.809999,21.7999,-0.0301,-0.137883,21.83,2026-10-07,,,,,,,,,The fund will invest at least 80% of its assets in the component securities of the underlying index and will invest at least 90% of its assets in U.S. Treasury securities that BFA believes will help the fund track the underlying index. The underlying index includes publicly-issued U.S. Treasury securities that have a remaining maturity greater than one year and less than or equal to thirty years and have $300 million or more of outstanding face value.,BTS,,,,true,false,true,,,USD,,,,415-670-2000,,3.78,2026-10-07T15:32:38+00:00,2026-10-07T15:32:38+00:00,,,,,,,,,,,,,,,,,,41371131904,,0.05,,,,,,,,,Equity
HACK,Amplify Cybersecurity ETF,126.099998,,134661,295731,127.169998,125.230003,127.379997,126.099998,-1.560005,-1.222,127.660004,2026-10-07,,,,,35.875347,,,,"Under normal circumstances, the fund will invest at least 80% of its net assets in the securities of companies that comprise the index. In pursuing this investment strategy, the fund invests 80% of its net assets in companies actively involved in providing cyber security technology and services, in accordance with the ISE Cyber Security® Industry classification. The index will consist of a selection of constituents in the Nasdaq ISE Cyber Security Index. The fund is non-diversified.",PCX,,,,true,false,true,,,USD,,,,(630) 464-7600,,0.05,2026-10-07T15:32:39+00:00,2026-10-07T15:32:39+00:00,,,,,,,,,,,,,,,,,,3326192128,,0.6,,,,,,,,,Equity
HE=F,"Lean Hog Futures,Dec-2026",69.449997,,13554,16398,70,69.25,70.125,69.449997,-8.475006,-10.87585,77.925003,2026-10-07,,,,,,,Commodities & Futures,Livestock,,CME,,,,false,false,true,,,USX,,,,,,,2026-10-07T15:32:41+00:00,2026-10-07T15:32:41+00:00,,,,,,,,,,,,,,,,,,,,,,,,,,,,,Future
HG=F,Copper Dec 26,6.644,,26158,1677,6.66,6.599,6.6775,6.644,0.0495,0.750625,6.5945,2026-10-07,,,,,,,Commodities & Futures,Metals,,CMX,,,,false,false,true,,,USD,,,,,,,2026-10-07T15:32:42+00:00,2026-10-07T15:32:42+00:00,,,,,,,,,,,,,,,,,,,,,,,,,,,,,Future
HKD=X,USD/HKD,7.84793,,0,0,7.8472,7.8463,7.8485,7.84793,0.00129,0.016438,7.84664,2026-10-07,,,,,,,Currencies,Foreign Exchange,,CCY,,,,false,false,true,,,HKD,,,,,,,2026-10-07T15:32:43+00:00,2026-10-07T15:32:43+00:00,,,,,,,,,,,,,,,,,,,,,,,,,,,,,FX
HO=F,Heating Oil Nov 26,4.7126,,24603,38191,4.604,4.5844,4.7603,4.7126,0.1432,3.133899,4.5694,2026-10-07,,,,,,,Commodities & Futures,Energy,,NYM,,,,false,false,true,,,USD,,,,,,,2026-10-07T15:32:44+00:00,2026-10-07T15:32:44+00:00,,,,,,,,,,,,,,,,,,,,,,,,,,,,,Future
HUF=X,USD/HUF,327.019989,,0,,324.179993,323.839996,328.904999,327.019989,0.167999,0.051399,326.85199,2026-10-07,,,,,,,Currencies,Foreign Exchange,,CCY,,,,false,false,true,,,HUF,,,,,,,2026-10-07T15:32:46+00:00,2026-10-07T15:32:46+00:00,,,,,,,,,,,,,,,,,,,,,,,,,,,,,FX
HYG,iShares iBoxx $ High Yield Corporate Bond ETF,77.07,,28814877,40632789,77,76.93,77.089996,77.07,-0.199997,-0.258829,77.269997,2026-10-07,,,,195600000,10.597212,,,,"The underlying index is a rules-based index consisting of U.S. dollar-denominated, high yield corporate bonds for sale in the U.S. The fund will invest at least 80% of its assets in the component securities of the underlying index, and the fund will invest at least 90% of its assets in fixed income securities of the types included in the underlying index that the advisor believes will help the fund track the underlying index.",PCX,,,,true,false,true,,,USD,,,,415-670-2000,,6.14,2026-10-07T15:32:47+00:00,2026-10-07T15:32:47+00:00,,,,,,,,,,,,,0.876134,,,,,16778804224,,0.49,,,,,,,,,Equity
IDR=X,USD/IDR,17878,,0,0,17905,17872,17905,17878,-9.900391,-0.055347,17887.900391,2026-10-07,,,,,,,Currencies,Foreign Exchange,,CCY,,,,false,false,true,,,IDR,,,,,,,2026-10-07T15:32:48+00:00,2026-10-07T15:32:48+00:00,,,,,,,,,,,,,,,,,,,,,,,,,,,,,FX
IEF,iShares 7-10 Year Treasury Bond ETF,89,,3206849,8174890,88.675003,88.660004,89.035004,89,-0.129997,-0.145851,89.129997,2026-10-07,,,,146000000,,,,,"The underlying index consists of publicly-issued U.S. Treasury securities that have a remaining maturity of greater than or equal to seven years and less than ten years and have $300 million or more of outstanding face value, excluding amounts held by the Federal Reserve System (the “Fed”). The fund will invest at least 80% of its assets in the component securities of the underlying index, and the fund will invest at least 90% of its assets in U.S. Treasury securities that BFA believes will help the fund track the underlying index.",NGM,,,,true,false,true,,,USD,,,,415-670-2000,,4.14,2026-10-07T15:32:49+00:00,2026-10-07T15:32:49+00:00,,,,,,,,,,,,,0.759658,,,,,41556897792,,0.15,,,,,,,,,Equity
INR=X,USD/INR,96.764999,,0,0,96.360001,96.324997,96.849998,96.764999,0.422203,0.43823,96.342796,2026-10-07,,,,,,,Currencies,Foreign Exchange,,CCY,,,,false,false,true,,,INR,,,,,,,2026-10-07T15:32:51+00:00,2026-10-07T15:32:51+00:00,,,,,,,,,,,,,,,,,,,,,,,,,,,,,FX
INVP.L,Investec Group,598,3747169024,880972,3195974,613,595.5,616,598,-20,-3.236246,618,2026-10-07,,,0.439,626616897,7.973333,0.75,Financial Services,Capital Markets,"Investec Group provides various financial products and services in South Africa, the United Kingdom, and internationally. It operates through four segments: Wealth & Investment, Private Banking, Corporate and Investment Banking and Other, and Group Investments. The Wealth & Investment segment offers wealth management and investment services to high-net-worth individuals, families, charities, and trusts. The Private Banking segment provides lending solutions, transactional banking, savings, bespoke foreign exchange, property finance, leverage finance, travel, insurance, legacy services, investments, trading, and offshore banking. The Corporate and Investment Banking segment delivers lending, advisory, and risk management services to corporate clients, private companies, private equity, listed companies, state-owned enterprises, public sector bodies, institutions, and intermediaries, including central treasury, and liability management. The Group Investments segment manages assets separated from core banking activities, including franchise businesses and standalone asset values. The company offers insurance solutions comprising severe illness, disability, life, mortgage and income protection, and business overloads. It also offers business banking solutions, such as trade and debtor, asset and leverage, structured property, technology asset, supply chain, and medical practice financing services, as well as financing for corporate and private equity firms. In addition, the company provides the company provides advisory; treasury and risk management for foreign exchange, commodities, interest rates, liquidity management, and equity structuring; fixed-income instruments; execution and custody solutions for institutions, hedge funds, corporates, and intermediaries; securities lending; and clearing services. Investec Group was founded in 1974 and is based in Sandton, South Africa.",LSE,"Mr. Fani  Titi B.Sc., BSc (Hons), M.A., M.B.A.",South Africa,,false,false,true,https://www.investec.com,,GBp,7777,Sandton,,27 11 286 7000,100 Grayston Drive,6.23,2026-10-07T15:32:53+00:00,2026-10-07T15:32:53+00:00,0.12372,0.01188,0,0.43811,0.34067,0.094,0.092,2126707968,,,655342016,47068000,0.937157,,-0.812,6142532096,6071728000,63833640000,13170487296,,,,,0.5,,0.08061,0.77899,,Equity
IWM,iShares Russell 2000 ETF,277.390015,,9935833,20980815,278.25,276.945007,279.040009,277.390015,-3.949982,-1.403989,281.339996,2026-10-07,,,,281049984,16.330883,,,,"The underlying index is a float-adjusted capitalization-weighted index of equity securities issued by the approximately 1,933 smallest issuers in the Russell 3000 Index. The fund may use derivatives to gain or reduce exposure to the components of the underlying index or exposure to one or more market risk factors associated with such components.",PCX,,,,true,false,true,,,USD,,,,415-670-2000,,0.98,2026-10-07T15:32:54+00:00,2026-10-07T15:32:54+00:00,,,,,,,,,,,,,1.268439,,,,,78041726976,,0.19,,,,,,,,,Equity
JETS,U.S. Global Jets ETF,27.6901,,911224,3308720,27.67,27.5,27.750099,27.6901,-0.409901,-1.458721,28.1,2026-10-07,,,,,13.973572,,,,"The fund uses a ""passive management"" (or indexing) approach to track the performance, before fees and expenses, of the index. The index is composed of the exchange-listed common stock (or depositary receipts) of U.S. and international passenger airlines, aircraft manufacturers, airports, terminal services companies, and airline-related internet media and services companies, each as determined by independent industry listings (collectively, “Airline Companies”). The fund is non-diversified.",PCX,,,,true,false,true,,,USD,,,,(414) 765-5586,,0.83,2026-10-07T15:32:56+00:00,2026-10-07T15:32:56+00:00,,,,,,,,,,,,,,,,,,837532544,,0.6,,,,,,,,,Equity
JNK,State Street SPDR Bloomberg High Yield Bond ETF,92.610001,,1889236,3344467,92.620003,92.459999,92.625,92.610001,-0.269997,-0.290694,92.879997,2026-10-07,,,,89274600,19.402893,,,,"The fund generally invests substantially all, but at least 80%, of its total assets in the securities comprising the index and in securities that the Adviser determines have economic characteristics that are substantially identical to the economic characteristics of the securities that comprise the index. The index is designed to measure the performance of publicly issued U.S. dollar denominated high yield corporate bonds with above-average liquidity. -null-.",PCX,,,,true,false,true,,,USD,,,,,,6.83,2026-10-07T15:32:57+00:00,2026-10-07T15:32:57+00:00,,,,,,,,,,,,,0.853533,,,,,6504680448,,0.4,,,,,,,,,Equity
JPY=X,USD/JPY,158.110992,,0,0,158.095001,157.841995,158.511993,158.110992,0.147995,0.09369,157.962997,2026-10-07,,,,,,,Currencies,Foreign Exchange,,CCY,,,,false,false,true,,,JPY,,,,,,,2026-10-07T15:32:58+00:00,2026-10-07T15:32:58+00:00,,,,,,,,,,,,,,,,,,,,,,,,,,,,,FX
JPYKRW=X,JPY/KRW,8.441,,0,0,8.433,8.418,8.447,8.441,-0.066691,-0.783895,8.507691,2026-10-07,,,,,,,Currencies,Foreign Exchange,,CCY,,,,false,false,true,,,KRW,,,,,,,2026-10-07T15:33:00+00:00,2026-10-07T15:33:00+00:00,,,,,,,,,,,,,,,,,,,,,,,,,,,,,FX
KC=F,Coffee Dec 26,294.25,,13272,7722,302.899994,292.049988,308.350006,294.25,-10.200012,-3.350308,304.450012,2026-10-07,,,,,,,Commodities & Futures,Softs,,NYB,,,,false,false,true,,,USX,,,,,,,2026-10-07T15:33:01+00:00,2026-10-07T15:33:01+00:00,,,,,,,,,,,,,,,,,,,,,,,,,,,,,Future
KE=F,"KC HRW Wheat Futures,Dec-2026",741.75,,13546,27186,756,741.75,758.75,741.75,-14.5,-1.917355,756.25,2026-10-07,,,,,,,Commodities & Futures,Grains,,CBT,,,,false,false,true,,,USX,,,,,,,2026-10-07T15:33:02+00:00,2026-10-07T15:33:02+00:00,,,,,,,,,,,,,,,,,,,,,,,,,,,,,Future
KRW=X,USD/KRW,1339.099976,,0,0,1336.890015,1336.380005,1341.280029,1339.099976,-4.650024,-0.346048,1343.75,2026-10-07,,,,,,,Currencies,Foreign Exchange,,CCY,,,,false,false,true,,,KRW,,,,,,,2026-10-07T15:33:03+00:00,2026-10-07T15:33:03+00:00,,,,,,,,,,,,,,,,,,,,,,,,,,,,,FX
KWEB,KraneShares CSI China Internet ETF,24.275,,4663730,17636451,24.225,24.115,24.315001,24.275,-0.265001,-1.079875,24.540001,2026-10-07,,,,,12.253313,,,,"The fund will invest at least 80% of its net assets in instruments in its underlying index or in instruments that have economic characteristics similar to those in the underlying index. The index is designed to measure the equity market performance of investable publicly traded ""China-based companies"" whose primary business or businesses are in the Internet and Internet-related sectors, and are listed outside of Mainland China, as determined by the index provider. The fund is non-diversified.",PCX,,,,true,false,true,,,USD,,,,1-855-857-2638,,8.5,2026-10-07T15:33:05+00:00,2026-10-07T15:33:05+00:00,,,,,,,,,,,,,,,,,,4504588800,,0.69,,,,,,,,,Equity
LE=F,"Live Cattle Futures,Dec-2026",222.975006,,11302,14437,223.649994,222.649994,224.175003,222.975006,1.75,0.79105,221.225006,2026-10-07,,,,,,,Commodities & Futures,Livestock,,CME,,,,false,false,true,,,USX,,,,,,,2026-10-07T15:33:07+00:00,2026-10-07T15:33:07+00:00,,,,,,,,,,,,,,,,,,,,,,,,,,,,,Future
LIT,Global X Lithium & Battery Tech ETF,69.32,,29095,213284,69.790001,69.275002,69.985001,69.32,-1.75,-2.462361,71.07,2026-10-07,,,,,19.14546,,,,"The fund invests at least 80% of its total assets in the securities of the underlying index and in American Depositary Receipts (""ADRs"") and Global Depositary Receipts (""GDRs"") based on the securities in the underlying index. The underlying index is designed to measure broad-based equity market performance of global companies involved in the lithium industry. The fund is non-diversified.",PCX,,,,true,false,true,,,USD,,,,+1 8884938631,,0.73,2026-10-07T15:33:08+00:00,2026-10-07T15:33:08+00:00,,,,,,,,,,,,,,,,,,1432419968,,0.75,,,,,,,,,Equity
LONN.SW,Lonza Group AG,574.599976,40132493312,50750,130055,573.799988,570.799988,580.200012,574.599976,-1.600037,-0.277688,576.200012,2026-10-07,,,0.811,69844229,38.078194,15.09,Healthcare,Diagnostics & Research,"Lonza Group AG, together with its subsidiaries, operates as a contract development and manufacturing organization for pharma and biotech companies in Europe, North and Central America, Latin America, Asia, Australia, New Zealand, and internationally. It operates through Integrated Biologics; Advanced Synthesis; and Specialized Modalities segments. The Integrated Biologics segment offers CDMO biologics services from clinical development, drug substance, and drug product manufacturing; and operates mammalian and drug product platforms. Its Advanced Synthesis segment manufactures antibody-drug conjugates (ADCs) and other bioconjugates, small molecules, and highly potent active pharmaceutical ingredients; and operates small molecules and bioconjugates platforms. The Specialized Modalities segment operates various technologies, such as spanning cell & gene, microbial, bioscience, and mRNA. Lonza Group AG was incorporated in 1897 and is headquartered in Basel, Switzerland.",EBS,Dr. Wolfgang  Wienand Ph.D.,Switzerland,,false,false,true,https://www.lonza.com,,CHF,20141,Basel,,41 61 316 81 11,Muenchensteinerstrasse 38,0.87,2026-10-07T15:33:09+00:00,2026-10-07T15:33:09+00:00,0.12895,0.05444,0.37142,0.23414,-0.01601,0.112,0.392,6871000064,2390000128,-1567000064,1080999936,57000000,4.937571,18.375,6.392,4167000064,7913000000,17907000000,487000000,,1.663,0.588,51.116,0.3228,1.0118,0.0009,0.58826,,Equity
LQD,iShares iBoxx $ Investment Grade Corporate Bond ETF,101.925003,,13015228,30700628,101.379997,101.339996,101.93,101.925003,-0.214996,-0.210492,102.139999,2026-10-07,,,,293500000,30.820988,,,,"The fund will invest at least 80% of its assets in the component securities of the underlying index, and it will invest at least 90% of its assets in fixed income securities of the types included in the underlying index that the advisor believes will help the fund track the underlying index. The underlying index is designed to provide a broad representation of the U.S. dollar-denominated liquid investment-grade corporate bond market.",PCX,,,,true,false,true,,,USD,,,,415-670-2000,,4.91,2026-10-07T15:33:11+00:00,2026-10-07T15:33:11+00:00,,,,,,,,,,,,,0.753532,,,,,28273213440,,0.14,,,,,,,,,Equity
MBB,iShares MBS ETF,89.199997,,1786021,4121106,88.720001,88.690002,89.254997,89.199997,-0.160004,-0.179055,89.360001,2026-10-07,,,,,,,,,"The fund will invest at least 80% of its assets in the component securities of the underlying index and TBAs that have economic characteristics that are substantially identical to the economic characteristics of the component securities of the index, and the fund will invest at least 90% of its assets in fixed income securities of the types included in the underlying index that BFA believes will help the fund track the index.",NGM,,,,true,false,true,,,USD,,,,415-670-2000,,4.51,2026-10-07T15:33:12+00:00,2026-10-07T15:33:12+00:00,,,,,,,,,,,,,,,,,,36248539136,,0.04,,,,,,,,,Equity
MGC=F,"Micro Gold Futures,Dec-2026",4126.399902,,245555,72933,4194.799805,4091.199951,4198,4126.399902,-32.800293,-0.78862,4159.200195,2026-10-07,,,,,,,Commodities & Futures,Metals,,CMX,,,,false,false,true,,,USD,,,,,,,2026-10-07T15:33:13+00:00,2026-10-07T15:33:13+00:00,,,,,,,,,,,,,,,,,,,,,,,,,,,,,Future
MSFD,Direxion Daily MSFT Bear 1X Shares,9.71,,293718,1512346,9.64,9.64,9.7599,9.71,0.043,0.444815,9.667,2026-10-07,,,,,,,,,"The fund, under normal circumstances, invests at least 80% of the it’s net assets (plus borrowings for investment purposes) in financial instruments, including swap agreements and options, that, in combination, provide 1X daily inverse (opposite) or short exposure to MSFT, consistent with the fund’s investment objective. It is non-diversified.",NGM,,,,true,false,true,,,USD,,,,866-476-7523,,4.17,2026-10-07T15:33:16+00:00,2026-10-07T15:33:16+00:00,,,,,,,,,,,,,,,,,,8226814,,1.02,,,,,,,,,Equity
MXN=X,USD/MXN,17.991301,,0,0,17.9491,17.945,18.121531,17.991301,-0.070299,-0.389219,18.0616,2026-10-07,,,,,,,Currencies,Foreign Exchange,,CCY,,,,false,false,true,,,MXN,,,,,,,2026-10-07T15:33:18+00:00,2026-10-07T15:33:18+00:00,,,,,,,,,,,,,,,,,,,,,,,,,,,,,FX
MYR=X,USD/MYR,4.087,,0,0,4.082,4.08,4.0875,4.087,0.0025,0.061208,4.0845,2026-10-07,,,,,,,Currencies,Foreign Exchange,,CCY,,,,false,false,true,,,MYR,,,,,,,2026-10-07T15:33:19+00:00,2026-10-07T15:33:19+00:00,,,,,,,,,,,,,,,,,,,,,,,,,,,,,FX
NG=F,Natural Gas Nov 26,3.247,,129800,142393,3.114,3.11,3.252,3.247,0.133,4.271031,3.114,2026-10-07,,,,,,,Commodities & Futures,Energy,,NYM,,,,false,false,true,,,USD,,,,,,,2026-10-07T15:33:22+00:00,2026-10-07T15:33:22+00:00,,,,,,,,,,,,,,,,,,,,,,,,,,,,,Future
NQ=F,Nasdaq 100 Dec 26,31279,,307728,518176,31510,31143,31521,31279,-204.25,-0.648758,31483.25,2026-10-07,,,,,,,Commodities & Futures,Equity Index Future,,CME,,,,false,false,true,,,USD,,,,,,,2026-10-07T15:33:24+00:00,2026-10-07T15:33:24+00:00,,,,,,,,,,,,,,,,,,,,,,,,,,,,,Future
NRGU,Microsectors U.S. Big Oil 3x Leveraged ETNs,57.939999,,6158,72059,59,57.939999,60.775002,57.939999,0.138,0.238747,57.801998,2026-10-07,,,,,16.5195,,,,"The ETNs are senior unsecured medium-term notes issued by Bank of Montreal with a return linked to a three times leveraged participation in the inverse performance of the index, compounded daily, minus the Daily Investor Fee and, if applicable, the Redemption Fee Amount plus the Daily Interest (which could be negative).",PCX,,,,true,false,true,,,USD,,,,,,0,2026-10-07T15:33:26+00:00,2026-10-07T15:33:26+00:00,,,,,,,,,,,,,,,,,,76443696,,0.35,,,,,,,,,Equity
NZDUSD=X,NZD/USD,0.559785,,0,0,0.562398,0.558753,0.562778,0.559785,-0.000075,-0.013436,0.55986,2026-10-07,,,,,,,Currencies,Foreign Exchange,,CCY,,,,false,false,true,,,USD,,,,,,,2026-10-07T15:33:27+00:00,2026-10-07T15:33:27+00:00,,,,,,,,,,,,,,,,,,,,,,,,,,,,,FX
OILD,MicroSectorsTM Oil & Gas Exploration & Production -3X Inverse Leveraged ETNs,29.540001,,26481,81868,28.3689,27.870899,29.67,29.540001,0.660002,2.285325,28.879999,2026-10-07,,,,,18.07411,,,,,PCX,,,,true,false,true,,,USD,,,,,,0,2026-10-07T15:33:29+00:00,2026-10-07T15:33:29+00:00,,,,,,,,,,,,,,,,,,32284548,,0.95,,,,,,,,,Equity
OJ=F,Orange Juice Nov 26,147.300003,,438,722,151.100006,145.850006,151.100006,147.300003,-3,-1.996008,150.300003,2026-10-07,,,,,,,Commodities & Futures,Softs,,NYB,,,,false,false,true,,,USX,,,,,,,2026-10-07T15:33:30+00:00,2026-10-07T15:33:30+00:00,,,,,,,,,,,,,,,,,,,,,,,,,,,,,Future
OPAI.PVT,OpenAI,954.700012,,0,,954.700012,954.700012,954.700012,954.700012,0,0,954.700012,2026-10-07,,,,,,,Artificial Intelligence,"Artificial Intelligence (AI), Generative AI, Machine Learning, Natural Language Processing, SaaS","OpenAI is an AI research and deployment company, with a mission to ensure that artificial general intelligence benefits all of humanity.",PVT,,US,,false,false,true,https://www.openai.com,,USD,1001,San Francisco,CA,,,,2026-10-07T15:33:31+00:00,2026-10-07T15:33:31+00:00,,,,,,,,,,,,,,,,,,,,,,,,,,,,,Private
PA=F,Palladium Dec 26,1121,,5117,49,1169.5,1115,1176,1121,-42.599976,-3.66105,1163.599976,2026-10-07,,,,,,,Commodities & Futures,Metals,,NYM,,,,false,false,true,,,USD,,,,,,,2026-10-07T15:33:32+00:00,2026-10-07T15:33:32+00:00,,,,,,,,,,,,,,,,,,,,,,,,,,,,,Future
PBRG,Leverage Shares 2X Long PBR Daily ETF,58.758999,,7400,3045,59.240002,58.758999,59.41,58.758999,-1.533001,-2.542627,60.292,2026-10-07,,,,,,,,,"The fund is an actively managed ETF. The fund invests at least 80% of its net assets (plus borrowings for investment purposes) in the Underlying Security and financial instruments with economic characteristics that, in combination, provide 200% daily leveraged exposure to the price of PBR, consistent with the fund’s investment objective. The fund is non-diversified.",NGM,,,2025-12-18,true,false,true,,,USD,,,,,,,2026-10-07T15:33:33+00:00,2026-10-07T15:33:33+00:00,,,,,,,,,,,,,,,,,,1371368,,0.75,,,,,,,,,Equity
PHP=X,USD/PHP,62.763,,0,0,62.720001,62.681,62.813,62.763,0.198002,0.316474,62.564999,2026-10-07,,,,,,,Currencies,Foreign Exchange,,CCY,,,,false,false,true,,,PHP,,,,,,,2026-10-07T15:33:35+00:00,2026-10-07T15:33:35+00:00,,,,,,,,,,,,,,,,,,,,,,,,,,,,,FX
PL=F,Platinum Jan 27,1642.900024,,16479,130,1719.400024,1616,1722.400024,1642.900024,-49.799927,-2.942041,1692.699951,2026-10-07,,,,,,,Commodities & Futures,Metals,,NYM,,,,false,false,true,,,USD,,,,,,,2026-10-07T15:33:36+00:00,2026-10-07T15:33:36+00:00,,,,,,,,,,,,,,,,,,,,,,,,,,,,,Future
QQQ,Invesco QQQ Trust,755.130005,,11204793,35084132,753.869995,751.76001,755.619995,755.130005,-4.529968,-0.596315,759.659973,2026-10-07,,,,393100000,30.778046,,,,"To maintain the correspondence between the composition and weights of the securities in the trust (the ""securities"") and the stocks in the NASDAQ-100 Index®, the adviser adjusts the securities from time to time to conform to periodic changes in the identity and/or relative weights of index securities. The composition and weighting of the securities portion of a portfolio deposit are also adjusted to conform to changes in the index.",NGM,,,,true,false,true,,,USD,,,,,,0.42,2026-10-07T15:33:38+00:00,2026-10-07T15:33:38+00:00,,,,,,,,,,,,,2.110634,,,,,498945982464,,0.18,,,,,,,,,Equity
RB=F,RBOB Gasoline Nov 26,3.1254,,27537,46761,3.128,3.1018,3.1786,3.1254,-0.1478,-4.515458,3.2732,2026-10-07,,,,,,,Commodities & Futures,Energy,,NYM,,,,false,false,true,,,USD,,,,,,,2026-10-07T15:33:39+00:00,2026-10-07T15:33:39+00:00,,,,,,,,,,,,,,,,,,,,,,,,,,,,,Future
REMX,VanEck Rare Earth and Strategic Metals ETF,61.904999,,408357,666735,62.82,61.785,62.990002,61.904999,-1.885002,-2.955012,63.790001,2026-10-07,,,,,28.163483,,,,"The fund normally invests at least 80% of its total assets in securities that comprise the fund's benchmark index. The index includes companies primarily engaged in a variety of activities that are related to the producing, refining and recycling of rare earth and strategic metals and minerals. It is non-diversified.",PCX,,,,true,false,true,,,USD,,,,888-658-8287,,2.03,2026-10-07T15:33:41+00:00,2026-10-07T15:33:41+00:00,,,,,,,,,,,,,,,,,,1833279616,,0.53,,,,,,,,,Equity
RTY=F,E-mini Russell 2000 Index Futur,2805.300049,,95431,160182,2849.199951,2804.199951,2850.899902,2805.300049,-42.899902,-1.506211,2848.199951,2026-10-07,,,,,,,Commodities & Futures,Equity Index Future,,CME,,,,false,false,true,,,USD,,,,,,,2026-10-07T15:33:42+00:00,2026-10-07T15:33:42+00:00,,,,,,,,,,,,,,,,,,,,,,,,,,,,,Future
RUB=X,USD/RUB,85.425003,,0,0,85.385002,84.735001,85.985001,85.425003,0.602493,0.710299,84.82251,2026-10-07,,,,,,,Currencies,Foreign Exchange,,CCY,,,,false,false,true,,,RUB,,,,,,,2026-10-07T15:33:44+00:00,2026-10-07T15:33:44+00:00,,,,,,,,,,,,,,,,,,,,,,,,,,,,,FX
SB=F,Sugar,20.639999,,85485,88358,20.73,20.17,21.24,20.639999,-0.18,-0.864555,20.82,2026-10-07,,,,,,,Commodities & Futures,Softs,,NYB,,,,false,false,true,,,USX,,,,,,,2026-10-07T15:33:47+00:00,2026-10-07T15:33:47+00:00,,,,,,,,,,,,,,,,,,,,,,,,,,,,,Future
SCHP,Schwab U.S. TIPS ETF,25.0977,,2043862,5471737,25.059999,25.049999,25.110001,25.0977,-0.022301,-0.088777,25.120001,2026-10-07,,,,115900000,,,,,"The fund will invest at least 90% of its net assets in securities included in the index. The index includes all publicly-issued U.S. Treasury Inflation-Protected Securities (TIPS) that have at least one year remaining to maturity, are rated investment grade and have $500 million or more of outstanding face value. The TIPS in the index must be denominated in U.S. dollars and must be fixed-rate and non-convertible.",PCX,,,,true,false,true,,,USD,,,,1-800-435-4000,,5.1,2026-10-07T15:33:49+00:00,2026-10-07T15:33:49+00:00,,,,,,,,,,,,,,,,,,15956761600,,0.03,,,,,,,,,Equity
SCO,ProShares UltraShort Bloomberg Crude Oil,19.225,,3500527,5226206,19.01,18.889999,19.33,19.225,-0.244999,-1.258341,19.469999,2026-10-07,,,,,,,,,"The fund seeks to meet its investment objective by investing, under normal market conditions, in any one of, or combinations of, Financial Instruments (including swap agreements, futures contracts, forward contracts, and option contracts) based on WTI sweet, light crude oil. It will not invest directly in oil.",PCX,,,,true,false,true,,,USD,,,,240-497-6400,,0,2026-10-07T15:33:50+00:00,2026-10-07T15:33:50+00:00,,,,,,,,,,,,,,,,,,1020466688,,1.1,,,,,,,,,Equity
SGD=X,USD/SGD,1.27996,,0,0,1.2768,1.27651,1.28104,1.27996,0.00066,0.051596,1.2793,2026-10-07,,,,,,,Currencies,Foreign Exchange,,CCY,,,,false,false,true,,,SGD,,,,,,,2026-10-07T15:33:52+00:00,2026-10-07T15:33:52+00:00,,,,,,,,,,,,,,,,,,,,,,,,,,,,,FX
SH,ProShares Short S&P500,31.915001,,3750496,7782740,31.889999,31.8715,31.975,31.915001,0.175001,0.551358,31.74,2026-10-07,,,,,,,,,"The fund invests in financial instruments that ProShare Advisors believes, in combination, should produce daily returns consistent with the Daily Target. The index is designed to measure the performance of 500 of the largest companies listed and domiciled in the U.S. Under normal circumstances, the fund will obtain inverse exposure to at least 80% of its total assets in components of the index or in instruments with similar economic characteristics. The fund is non-diversified.",PCX,,,,true,false,true,,,USD,,,,,,3.92,2026-10-07T15:33:53+00:00,2026-10-07T15:33:53+00:00,,,,,,,,,,,,,,,,,,1015440704,,0.88,,,,,,,,,Equity
SHY,iShares 1-3 Year Treasury Bond ETF,81.154999,,1129119,4019776,81.070099,81.070099,81.160004,81.154999,0.025002,0.030817,81.129997,2026-10-07,,,,209300000,3688.8228,,,,"The underlying index consists of publicly-issued U.S. Treasury securities that have a remaining maturity of greater than or equal to one year and less than three years and have $300 million or more of outstanding face value, excluding amounts held by the Federal Reserve System. The fund will invest at least 80% of its assets in the component securities of the underlying index, and the fund will invest at least 90% of its assets in U.S. Treasury securities that BFA believes will help the fund track the underlying index.",NGM,,,,true,false,true,,,USD,,,,415-670-2000,,3.65,2026-10-07T15:33:54+00:00,2026-10-07T15:33:54+00:00,,,,,,,,,,,,,0.941004,,,,,26281537536,,0.15,,,,,,,,,Equity
SI=F,Silver Dec 26,59.875,,30755,651,61.785,59.23,61.845001,59.875,-1.292999,-2.113849,61.167999,2026-10-07,,,,,,,Commodities & Futures,Metals,,CMX,,,,false,false,true,,,USD,,,,,,,2026-10-07T15:33:55+00:00,2026-10-07T15:33:55+00:00,,,,,,,,,,,,,,,,,,,,,,,,,,,,,Future
SIL=F,"Micro Silver Futures,Dec-2026",59.875,,38190,358,61.799999,59.224998,61.84,59.875,-1.292999,-2.113849,61.167999,2026-10-07,,,,,,,Commodities & Futures,Metals,,CMX,,,,false,false,true,,,USD,,,,,,,2026-10-07T15:33:57+00:00,2026-10-07T15:33:57+00:00,,,,,,,,,,,,,,,,,,,,,,,,,,,,,Future
SOL-USD,Solana USD,116.379997,68358537216,3026784512,2806251927,120.771278,115.672272,120.771278,116.379997,-4.407639,-3.649081,120.787636,2026-10-07,,,,,,,Cryptocurrency,Solana,,CCC,,,,false,false,true,https://solana.com,,USD,,,,,,,2026-10-07T15:33:58+00:00,2026-10-07T15:33:58+00:00,,,,,,,,,,,,,,,,,,,,,,,,,,,,,Crypto
SOXL,Direxion Daily Semiconductor Bull 3X Shares,155.559998,,27694399,63139557,153.699997,151.419998,157.429993,155.559998,-8.699997,-5.29648,164.259995,2026-10-07,,,,,51.779865,,,,"The fund invests at least 80% of its net assets in financial instruments, such as swap agreements, securities of the index, and ETFs that track the index, that, in combination, provide 3X daily leveraged exposure to the index, consistent with the fund's investment objective. The index is a rules-based, modified float-adjusted market capitalization-weighted index that tracks the performance of the thirty largest U.S. listed semiconductor companies. The fund is non-diversified.",PCX,,,,true,false,true,,,USD,,,,866-476-7523,,0.06,2026-10-07T15:33:59+00:00,2026-10-07T15:33:59+00:00,,,,,,,,,,,,,,,,,,23968989184,,0.75,,,,,,,,,Equity
SOYB,Teucrium Soybean Fund,27.620001,,38964,77000,27.67,27.58,27.790001,27.620001,-0.109999,-0.396678,27.73,2026-10-07,,,,,,,,,"The fund seeks to achieve its investment objective by investing in Benchmark Component Futures Contracts. Under normal market conditions, the Advisor expects that 100% of the fund’s assets will be invested in Benchmark Component Futures Contracts and in cash and cash equivalents.",PCX,,,,true,false,true,,,USD,,,,802-257-1617,,0,2026-10-07T15:34:00+00:00,2026-10-07T15:34:00+00:00,,,,,,,,,,,,,,,,,,45388196,,1,,,,,,,,,Equity
SPXS,Direxion Daily S&P 500 Bear 3X Shares,23.645,,5246244,11760582,23.58,23.5401,23.77,23.645,0.385,1.655203,23.26,2026-10-07,,,,,,,,,"The fund, under normal circumstances, invests at least 80% of its net assets (plus borrowing for investment purposes) in financial instruments, including swap agreements, futures contracts, or short positions, that, in combination, provide 3X daily inverse (opposite) or short exposure to the index or to exchange-traded funds (“ETFs”) that track the index, consistent with the fund’s investment objective. The index is a float-adjusted, market capitalization-weighted index. The fund is non-diversified.",PCX,,,,true,false,true,,,USD,,,,866-476-7523,,4.65,2026-10-07T15:34:03+00:00,2026-10-07T15:34:03+00:00,,,,,,,,,,,,,,,,,,338980704,,1.04,,,,,,,,,Equity
SPY,State Street SPDR S&P 500 ETF Trust,774.979919,,9755425,43999618,775.77002,773.609985,776.150024,774.979919,-4.110107,-0.527552,779.090027,2026-10-07,,,,917782016,25.039358,,,,"The trust seeks to achieve its investment objective by holding a portfolio of the common stocks that are included in the index (the “Portfolio”), with the weight of each stock in the Portfolio substantially corresponding to the weight of such stock in the index.",PCX,,,,true,false,true,,,USD,,,,,,0.99,2026-10-07T15:34:04+00:00,2026-10-07T15:34:04+00:00,,,,,,,,,,,,,1.805554,,,,,809216114688,,0.0945,,,,,,,,,Equity
SPYU,MAX S&P 500 4X Leveraged ETN,35.57,,283432,655070,35.700001,35.34,35.779999,35.57,-0.810001,-2.226502,36.380001,2026-10-07,,,,,,,,,"The notes are intended to be daily trading tools for sophisticated investors to manage daily trading risks as part of an overall diversified portfolio. They are designed to achieve their stated investment objectives on a daily basis. The notes are designed to reflect a 4x leveraged long exposure to the performance of the index on a daily basis (as described below), before taking into account the negative effect of the Daily Investor Fee, the Daily Financing Charge and the Redemption Fee Amount, if applicable.",PCX,,,,true,false,true,,,USD,,,,,,0,2026-10-07T15:34:06+00:00,2026-10-07T15:34:06+00:00,,,,,,,,,,,,,,,,,,536043232,,,,,,,,,,,Equity
SQQQ,ProShares UltraPro Short QQQ,32.419998,,23595953,48720000,32.580002,32.351002,32.84,32.419998,0.589998,1.853592,31.83,2026-10-07,,,,,,,,,"The fund invests in financial instruments that ProShare Advisors believes, in combination, should produce daily returns consistent with the Daily Target. The index includes 100 of the largest domestic and international non-financial companies listed on The Nasdaq Stock Market based on market capitalization. The fund is non-diversified.",NGM,,,,true,false,true,,,USD,,,,,,9.45,2026-10-07T15:34:07+00:00,2026-10-07T15:34:07+00:00,,,,,,,,,,,,,,,,,,2105422336,,0.94,,,,,,,,,Equity
STETH-USD,Lido Staked ETH USD,2560.803711,24823052288,25469480,11915887,2696.51123,2557.617676,2697.278076,2560.803711,-135.71167,-5.032854,2696.515381,2026-10-07,,,,,,,Cryptocurrency,Lido Staked Ether,,CCC,,,,false,false,true,https://lido.fi/,,USD,,,,,,,2026-10-07T15:34:09+00:00,2026-10-07T15:34:09+00:00,,,,,,,,,,,,,,,,,,,,,,,,,,,,,Crypto
STRI.PVT,Stripe,72.449997,,0,,72.449997,72.449997,72.449997,72.449997,0,0,72.449997,2026-10-07,,,,,,,Financial Services,"Billing, Compliance, E-Commerce Platforms, FinTech, Finance, Financial Services, Fraud Detection, Payments, Software","Stripe is a global technology company which provides a financial infrastructure platform intended to accept payments and grow revenue. Its core product Stripe Payments, provides online payment solutions for companies of all sizes. The company also combines its economic infrastructure with applications for business offerings in Revenue Management, Money Management, and Platforms and Marketplaces. Stripe is currently supported in 46 countries and accepts over 135 currencies and payment methods.",PVT,,US,,false,false,true,https://stripe.com,,USD,5001,South San Francisco,CA,,,,2026-10-07T15:34:10+00:00,2026-10-07T15:34:10+00:00,,,,,,,,,,,,,,,,,,,,,,,,,,,,,Private
TAN,Invesco Solar ETF,43.16,,510086,917098,43.419998,43.035,43.445,43.16,-1.240002,-2.792796,44.400002,2026-10-07,,,,,18.772085,,,,"The fund will generally invest at least 90% of its total assets in the securities that comprise the underlying index. Strictly in accordance with its guidelines and mandated procedures, MAC Indexing LLC, has contracted with S&P DJI Netherlands B.V. to calculate and administer the underlying index, which seeks to track the performance of companies in global solar energy businesses. The fund is non-diversified.",PCX,,,,true,false,true,,,USD,,,,,,0,2026-10-07T15:34:11+00:00,2026-10-07T15:34:11+00:00,,,,,,,,,,,,,,,,,,899579968,,0.7,,,,,,,,,Equity
THB=X,USD/THB,33.700001,,0,0,33.549999,33.549999,33.740002,33.700001,0.010002,0.029689,33.689999,2026-10-07,,,,,,,Currencies,Foreign Exchange,,CCY,,,,false,false,true,,,THB,,,,,,,2026-10-07T15:34:13+00:00,2026-10-07T15:34:13+00:00,,,,,,,,,,,,,,,,,,,,,,,,,,,,,FX
TIP,iShares TIPS Bond ETF,104.084999,,482416,1856982,103.900002,103.8843,104.129997,104.084999,-0.095001,-0.091189,104.18,2026-10-07,,,,177700000,11.694944,,,,"The index tracks the performance of inflation-protected public obligations of the U.S. Treasury, commonly known as “TIPS,” that have a remaining maturity of more than one year. The fund will invest at least 80% of its assets in the component securities of the index, and it will invest at least 90% of its assets in U.S. Treasury securities that BFA believes will help the fund track the index.",PCX,,,,true,false,true,,,USD,,,,415-670-2000,,4.71,2026-10-07T15:34:14+00:00,2026-10-07T15:34:14+00:00,,,,,,,,,,,,,0.83072,,,,,14229889024,,0.18,,,,,,,,,Equity
TLT,iShares 20+ Year Treasury Bond ETF,76.900002,,17379698,35231628,76.455002,76.43,77.010002,76.900002,-0.379997,-0.491715,77.279999,2026-10-07,,,,109700000,,,,,"The underlying index consists of publicly-issued U.S. Treasury securities that have a remaining maturity greater than twenty years and have $300 million or more of outstanding face value, excluding amounts held by the Federal Reserve System (the “Fed”). The fund will invest at least 80% of its assets in the component securities of the underlying index, and the fund will invest at least 90% of its assets in U.S. Treasury securities that manager believes will help the fund track the underlying index.",NGM,,,,true,false,true,,,USD,,,,415-670-2000,,5,2026-10-07T15:34:15+00:00,2026-10-07T15:34:15+00:00,,,,,,,,,,,,,0.516575,,,,,46233321472,,0.15,,,,,,,,,Equity
TSLL,Direxion Daily TSLA Bull 2X Shares,10.01,,22315333,81793551,10.195,9.98,10.41,10.01,-0.3,-2.909798,10.31,2026-10-07,,,,,60.18039,,,,"The fund, under normal circumstances, invests at least 80% of its net assets (plus any borrowings for investment purposes) in the securities of TSLA and financial instruments, such as swap agreements and options, that provide leveraged exposure to TSLA. The fund is non-diversified.",NGM,,,,true,false,true,,,USD,,,,866-476-7523,,4.04,2026-10-07T15:34:16+00:00,2026-10-07T15:34:16+00:00,,,,,,,,,,,,,,,,,,3722445056,,0.83,,,,,,,,,Equity
TWD=X,USD/TWD,31.851,,0,0,31.780001,31.76,31.886999,31.851,0.0996,0.313686,31.7514,2026-10-07,,,,,,,Currencies,Foreign Exchange,,CCY,,,,false,false,true,,,TWD,,,,,,,2026-10-07T15:34:18+00:00,2026-10-07T15:34:18+00:00,,,,,,,,,,,,,,,,,,,,,,,,,,,,,FX
UCO,ProShares Ultra Bloomberg Crude Oil,55.02,,672357,2911001,55.619999,54.799999,56.060001,55.02,0.59,1.083961,54.43,2026-10-07,,,,,,,,,"The fund seeks to meet its investment objective by investing, under normal market conditions, in any one of, or combinations of, Financial Instruments (including swap agreements, futures contracts, forward contracts, and option contracts) based on WTI sweet, light crude oil. It will not invest directly in oil.",PCX,,,,true,false,true,,,USD,,,,240-497-6400,,0,2026-10-07T15:34:19+00:00,2026-10-07T15:34:19+00:00,,,,,,,,,,,,,,,,,,402167648,,1.47,,,,,,,,,Equity
UNG,"United States Natural Gas Fund, LP",11.135,,17557586,15778232,10.94,10.85,11.1881,11.135,0.395,3.677844,10.74,2026-10-07,,,,12084600,,,,,"The fund invests primarily in futures contracts for natural gas that are traded on the NYMEX, ICE Futures Europe and ICE Futures U.S. (together, “ICE Futures”) or other U.S. and foreign exchanges. The Benchmark Futures Contract is the futures contract on natural gas as traded on the New York Mercantile Exchange that is the near month contract to expire, except when the near month contract is within two weeks of expiration.",PCX,,,,true,false,true,,,USD,,,,,,0,2026-10-07T15:34:20+00:00,2026-10-07T15:34:20+00:00,,,,,,,,,,,,,0.912929,,,,,458426592,,1.17,,,,,,,,,Equity
USDC-USD,USDC USD,0.99983,73879625728,17951285248,11625421490,0.999914,0.999708,1.00008,0.99983,-0.000051,-0.005115,0.999881,2026-10-07,,,,,,,Cryptocurrency,USD Coin,,CCC,,,,false,false,true,https://www.circle.com/en/usdc,,USD,,,,,,,2026-10-07T15:34:22+00:00,2026-10-07T15:34:22+00:00,,,,,,,,,,,,,,,,,,,,,,,,,,,,,Crypto
USDT-USD,Tether USDt USD,0.99949,184005672960,86688145408,61524480556,0.999872,0.999501,0.999956,0.99949,-0.000355,-0.035506,0.999845,2026-10-07,,,,,,,Cryptocurrency,Tether,,CCC,,,,false,false,true,https://tether.to,,USD,,,,,,,2026-10-07T15:34:23+00:00,2026-10-07T15:34:23+00:00,,,,,,,,,,,,,,,,,,,,,,,,,,,,,Crypto
USO,"United States Oil Fund, LP",144.529999,,1166038,6156440,146.225006,143.960007,147.070007,144.529999,-0.380005,-0.262235,144.910004,2026-10-07,,,,119100000,43.73071,,,,"USO seeks to achieve its investment objective by investing primarily in futures contracts for light, sweet crude oil, other types of crude oil, diesel-heating oil, gasoline, natural gas, and other petroleum-based fuels.",PCX,,,,true,false,true,,,USD,,,,403-233-9366,,0,2026-10-07T15:34:25+00:00,2026-10-07T15:34:25+00:00,,,,,,,,,,,,,2.091697,,,,,1690582144,,0.86,,,,,,,,,Equity
VCSH,Vanguard Short-Term Corporate Bond Index Fund ETF Shares,77.210098,,1826734,4853951,77.080002,77.065002,77.220001,77.210098,0.000099,0.000128,77.209999,2026-10-07,,,,,,,,,"The fund manager employs an indexing investment approach designed to track the performance of the Bloomberg U.S. 1-5 Year Corporate Bond Index, which includes U.S. dollar-denominated, investment-grade, fixed-rate, taxable debt securities issued by U.S. and non-U.S. industrial, utility, and financial companies, all with maturities between 1 and 5 years. Under normal circumstances, it invests at least 80% of its net assets, plus the amount of any borrowings for investment purposes, in the bonds that make up the Target Index.",NGM,,,,true,false,true,,,USD,,,,,,4.56,2026-10-07T15:34:26+00:00,2026-10-07T15:34:26+00:00,,,,,,,,,,,,,,,,,,50999840768,,0.03,,,,,,,,,Equity
VOO,Vanguard S&P 500 ETF,712.315002,,2198396,7120393,713.059998,711.090027,713.400024,712.315002,-3.88501,-0.542448,716.200012,2026-10-07,,,,,25.055555,,,,"The fund manager employs an indexing investment approach designed to track the performance of the Standard & Poor's 500 Index, a widely recognized benchmark of U.S. stock market performance that is dominated by the stocks of large U.S. companies. The advisor attempts to replicate the target index by investing all, or substantially all, of its assets in the stocks that make up the index, holding each stock in approximately the same proportion as its weighting in the index. The fund is non-diversified.",PCX,,,,true,false,true,,,USD,,,,800-523-1036,,1.06,2026-10-07T15:34:27+00:00,2026-10-07T15:34:27+00:00,,,,,,,,,,,,,1.822458,,,,,1738356162560,,0.03,,,,,,,,,Equity
VTI,Vanguard Morningstar Total Stock Market ETF,379.975006,,1241690,3095970,380.600006,379.390015,381,379.975006,-2.565002,-0.670519,382.540009,2026-10-07,,,,743262976,24.40083,,,,"The fund manager employs an indexing investment approach designed to track the performance of the CRSP U.S. Total Market Index (the “Target Index”), which represents 100% of the investable U.S. stock market, as determined by the index provider. Under normal circumstances, the fund invests at least 80% of its net assets, plus the amount of any borrowings for investment purposes, in the stocks that make up the target index.",PCX,,,,true,false,true,,,USD,,,,800-523-1036,,1.06,2026-10-07T15:34:28+00:00,2026-10-07T15:34:28+00:00,,,,,,,,,,,,,2.723718,,,,,2341959368704,,0.03,,,,,,,,,Equity
VTV,Vanguard Morningstar Value ETF,217.960007,,831833,2733806,218.050003,217.625,218.258102,217.960007,-1.049988,-0.479425,219.009995,2026-10-07,,,,424251008,19.75861,,,,"The fund manager employs an indexing investment approach designed to track the target index, a broadly diversified index made up of the value stocks of large U.S. companies, as determined by the index provider. Under normal circumstances, it invests at least 80% of its net assets, plus the amount of any borrowings for investment purposes, in the stocks that make up the target index.",PCX,,,,true,false,true,,,USD,,,,800-523-1036,,1.93,2026-10-07T15:34:30+00:00,2026-10-07T15:34:30+00:00,,,,,,,,,,,,,2.876259,,,,,254356029440,,0.03,,,,,,,,,Equity
VWO,Vanguard FTSE Emerging Markets Index Fund ETF Shares,59.794998,,1559910,6990048,59.77,59.595001,59.869999,59.794998,-0.825001,-1.360938,60.619999,2026-10-07,,,,1418119936,15.733293,,,,"The index measures the investment return of stocks issued by companies located in emerging market countries. The fund employs an indexing investment approach designed to track the performance of the FTSE Emerging Markets All Cap China A Inclusion Index. It invests by sampling the index, meaning that it holds a broadly diversified collection of securities that, in the aggregate, approximates the index in terms of key characteristics.",PCX,,,,true,false,true,,,USD,,,,,,2.05,2026-10-07T15:34:31+00:00,2026-10-07T15:34:31+00:00,,,,,,,,,,,,,1.241952,,,,,166547324928,,0.06,,,,,,,,,Equity
VXUS,Vanguard Total International Stock Index Fund ETF Shares,84.675003,,2411774,5146157,84.580002,84.364998,84.815002,84.675003,-1.125,-1.311189,85.800003,2026-10-07,,,,,16.172602,,,,"The manager employs an indexing investment approach designed to track the performance of the FTSE Global All Cap ex US Index, a float-adjusted market-capitalization-weighted index designed to measure equity market performance of companies located in developed and emerging markets, excluding the United States. The fund invests all, or substantially all, of its assets in the common stocks included in its target index.",NGM,,,,true,false,true,,,USD,,,,800-523-1036,,2.34,2026-10-07T15:34:32+00:00,2026-10-07T15:34:32+00:00,,,,,,,,,,,,,,,,,,664053940224,,0.05,,,,,,,,,Equity
WEAT,Teucrium Wheat Fund,24.969999,,100960,590350,25.280001,24.969999,25.23,24.969999,-0.52,-2.040018,25.49,2026-10-07,,,,,,,,,"The fund seeks to achieve its investment objective by investing in Benchmark Component Futures Contracts. Under normal market conditions, the manager expects that 100% of the fund’s assets will be invested in benchmark component futures contracts and in cash and cash equivalents.",PCX,,,,true,false,true,,,USD,,,,802-257-1617,,0,2026-10-07T15:34:33+00:00,2026-10-07T15:34:33+00:00,,,,,,,,,,,,,,,,,,284404096,,1,,,,,,,,,Equity
WGMI,CoinShares Bitcoin Mining and Digital Power ETF,42.709999,,231088,597757,43.580002,42.389999,43.91,42.709999,-2.18,-4.856316,44.889999,2026-10-07,,,,,16.345587,,,,"The fund is an actively-managed exchange-traded fund (“ETF”) that will invest at least 80% of its net assets (plus borrowings for investment purposes) in securities of Bitcoin Mining and Digital Power Companies. The fund’s selection universe includes common stock and American Depositary Receipts (“ADRs”) listed on global securities exchanges, including U.S. dollar denominated and non-U.S. dollar denominated securities issued by U.S. and non-U.S. companies, including companies operating in emerging market countries. The fund is non-diversified.",NGM,,,2022-02-08,true,false,true,,,USD,,,,,,0,2026-10-07T15:34:35+00:00,2026-10-07T15:34:35+00:00,,,,,,,,,,,,,,,,,,274185664,,0.75,,,,,,,,,Equity
XBI,State Street SPDR S&P Biotech ETF,152.184998,,4582477,8637459,149.369995,148.639999,152.399994,152.184998,1.285004,0.85156,150.899994,2026-10-07,,,,,,,,,"In seeking to track the performance of the S&P Biotechnology Select Industry Index (the ""index""), the fund employs a sampling strategy. It generally invests substantially all, but at least 80%, of its total assets in the securities comprising the index. The index represents the biotechnology segment of the S&P Total Market Index (""S&P TMI"").",PCX,,,,true,false,true,,,USD,,,,,,0.35,2026-10-07T15:34:36+00:00,2026-10-07T15:34:36+00:00,,,,,,,,,,,,,,,,,,10357507072,,0.35,,,,,,,,,Equity
XLB,State Street Materials Select Sector SPDR ETF,48.93,,4237782,11271975,49.299999,48.875,49.400002,48.93,-0.799999,-1.608685,49.73,2026-10-07,,,,71923696,22.833519,,,,"In seeking to track the performance of the index, the fund employs a replication strategy. It generally invests substantially all, but at least 95%, of its total assets in the securities comprising the index. The index includes securities of companies from the following industries: chemicals; metals and mining; paper and forest products; containers and packaging; and construction materials. The fund is non-diversified.",PCX,,,,true,false,true,,,USD,,,,,,1.77,2026-10-07T15:34:37+00:00,2026-10-07T15:34:37+00:00,,,,,,,,,,,,,0.618475,,,,,7776858624,,0.08,,,,,,,,,Equity
XLC,State Street Communication Services Select Sector SPDR ETF,110.660004,,1095244,5431926,111.32,110.474998,111.510002,110.660004,-0.989998,-0.886698,111.650002,2026-10-07,,,,,15.267147,,,,"Normally, the fund generally invests substantially all, but at least 95%, of its total assets in the securities comprising the index. The index includes companies that have been identified as Communication Services companies by the GICS®, including securities of companies from the following industries: diversified telecommunication services; wireless telecommunication services; media; entertainment; and interactive media & services. The fund is non-diversified.",PCX,,,,true,false,true,,,USD,,,,,,1.24,2026-10-07T15:34:39+00:00,2026-10-07T15:34:39+00:00,,,,,,,,,,,,,,,,,,22528514048,,0.08,,,,,,,,,Equity
XLE,State Street Energy Select Sector SPDR ETF,63.119999,,11000982,30010351,64.040001,63.115002,64.510002,63.119999,-0.630001,-0.988237,63.75,2026-10-07,,,,186424000,17.510056,,,,"In seeking to track the performance of the index, the fund employs a replication strategy. It generally invests substantially all, but at least 95%, of its total assets in the securities comprising the index. The index includes companies that have been identified as Energy companies by the GICS®, including securities of companies from the following industries: oil, gas and consumable fuels; and energy equipment and services. It is non-diversified.",PCX,,,,true,false,true,,,USD,,,,,,2.48,2026-10-07T15:34:40+00:00,2026-10-07T15:34:40+00:00,,,,,,,,,,,,,1.211168,,,,,39130157056,,0.08,,,,,,,,,Equity
XLF,State Street Financial Select Sector SPDR ETF,53.465,,12906306,32791900,53.529999,53.41,53.689999,53.465,-0.544998,-1.009069,54.009998,2026-10-07,,,,883444992,15.160245,,,,"The fund generally invests substantially all, but at least 95%, of its total assets in the securities comprising the index. The index includes companies that have been identified as Financial companies by the Global Industry Classification Standard, including securities of companies from the following industries: financial services; insurance; banks; capital markets; mortgage real estate investment trusts; and consumer finance. The fund is non-diversified.",PCX,,,,true,false,true,,,USD,,,,,,1.55,2026-10-07T15:34:41+00:00,2026-10-07T15:34:41+00:00,,,,,,,,,,,,,1.571714,,,,,50968727552,,0.08,,,,,,,,,Equity
XLG,Invesco S&P 500 Top 50 ETF,64.834,,277963,1004259,64.809998,64.614998,64.839996,64.834,-0.206001,-0.31673,65.040001,2026-10-07,,,,,26.983355,,,,"The index provider compiles, maintains and calculates the underlying index, which consists of the 50 largest companies in the S&P 500® Index based on float-adjusted market capitalization. The underlying index's components are weighted by float-adjusted market capitalization. The fund will invest at least 80% of the value of its net assets, in the components of the underlying index and in derivatives and other investments that have economic characteristics similar to the components of the underlying index. The fund is non-diversified.",PCX,,,,true,false,true,,,USD,,,,,,0.62,2026-10-07T15:34:43+00:00,2026-10-07T15:34:43+00:00,,,,,,,,,,,,,,,,,,11687519232,,0.2,,,,,,,,,Equity
XLI,State Street Industrial Select Sector SPDR ETF,167.320007,,3086021,6796245,169.699997,167.229996,170.206406,167.320007,-4.259995,-2.482804,171.580002,2026-10-07,,,,136626000,27.165327,,,,"Under normal market conditions, the fund generally invests substantially all, but at least 95%, of its total assets in the securities comprising the index. The index includes companies that have been identified as Industrial companies by the Global Industry Classification Standard, including securities of companies from the following industries: aerospace and defense; industrial conglomerates; marine transportation. It is non-diversified.",PCX,,,,true,false,true,,,USD,,,,,,1.13,2026-10-07T15:34:44+00:00,2026-10-07T15:34:44+00:00,,,,,,,,,,,,,1.700718,,,,,29827448832,,0.08,,,,,,,,,Equity
XLK,State Street Technology Select Sector SPDR ETF,200.639999,,2256064,7491876,200.279999,199.630005,200.830002,200.639999,-1.360001,-0.673268,202,2026-10-07,,,,272056000,35.517258,,,,"In seeking to track the performance of the index, the fund employs a replication strategy, which means that the fund typically invests in substantially all of the securities represented in the index in approximately the same proportions as the index. It generally invests substantially all, but at least 95%, of its total assets in the securities comprising the index. The fund is non-diversified.",PCX,,,,true,false,true,,,USD,,,,,,0.43,2026-10-07T15:34:45+00:00,2026-10-07T15:34:45+00:00,,,,,,,,,,,,,1.343376,,,,,127297691648,,0.08,,,,,,,,,Equity
XLP,State Street Consumer Staples Select Sector SPDR ETF,82.043999,,4338940,10287481,82.080002,81.889999,82.300003,82.043999,0.243996,0.298283,81.800003,2026-10-07,,,,210172000,24.269753,,,,"In seeking to track the performance of the index, the fund employs a replication strategy. It generally invests substantially all, but at least 95%, of its total assets in the securities comprising the index. The index includes companies that have been identified as Consumer Staples companies by the GICS®. It is non-diversified.",PCX,,,,true,false,true,,,USD,,,,,,2.73,2026-10-07T15:34:47+00:00,2026-10-07T15:34:47+00:00,,,,,,,,,,,,,1.203397,,,,,13445566464,,0.08,,,,,,,,,Equity
XLRE,State Street Real Estate Select Sector SPDR ETF,40.705002,,2755731,5352520,41.18,40.650101,41.146301,40.705002,-0.394997,-0.961062,41.099998,2026-10-07,,,,,29.009954,,,,"Under normal market conditions, the fund generally invests substantially all, but at least 95%, of its total assets in the securities comprising the index. The index includes companies that have been identified as Real Estate companies by the Global Industry Classification Standard (GICS®). The fund is non-diversified.",PCX,,,,true,false,true,,,USD,,,,,,3.53,2026-10-07T15:34:48+00:00,2026-10-07T15:34:48+00:00,,,,,,,,,,,,,,,,,,7652509696,,0.08,,,,,,,,,Equity
XLU,State Street Utilities Select Sector SPDR ETF,41.095001,,16690086,23569934,40.990002,40.82,41.139999,41.095001,-0.064999,-0.157917,41.16,2026-10-07,,,,163274000,18.503962,,,,"In seeking to track the performance of the index, the fund employs a replication strategy. It generally invests substantially all, but at least 95%, of its total assets in the securities comprising the index. The index includes securities of companies from the following industries: electric utilities; water utilities; multi-utilities; independent power and renewable electricity producers; and gas utilities. The fund is non-diversified.",PCX,,,,true,false,true,,,USD,,,,,,3.07,2026-10-07T15:34:50+00:00,2026-10-07T15:34:50+00:00,,,,,,,,,,,,,0.64221,,,,,21327450112,,0.08,,,,,,,,,Equity
XLV,State Street Health Care Select Sector SPDR ETF,169.979996,,3175240,8490020,167.869003,167.429993,170.074997,169.979996,2.889999,1.729606,167.089996,2026-10-07,,,,197415008,30.369171,,,,"In seeking to track the performance of the index, the fund employs a replication strategy. It generally invests substantially all, but at least 95%, of its total assets in the securities comprising the index. The index includes companies from the following industries: pharmaceuticals; health care equipment & supplies; health care providers & services; biotechnology; life sciences tools & services; and health care technology. The fund is non-diversified.",PCX,,,,true,false,true,,,USD,,,,,,1.52,2026-10-07T15:34:51+00:00,2026-10-07T15:34:51+00:00,,,,,,,,,,,,,1.335733,,,,,43393187840,,0.08,,,,,,,,,Equity
XLY,State Street Consumer Discretionary Select Sector SPDR ETF,110.995003,,1890804,6732087,111.029999,110.580002,111.5,110.995003,-0.724998,-0.648942,111.720001,2026-10-07,,,,120253000,24.255066,,,,"The Advisor employs a replication strategy. The fund generally invests substantially all, but at least 95%, of its total assets in the securities comprising the index. The index includes companies that have been identified as Consumer Discretionary companies by the Global Industry Classification Standard (GICS®). It is non-diversified.",PCX,,,,true,false,true,,,USD,,,,,,0.86,2026-10-07T15:34:52+00:00,2026-10-07T15:34:52+00:00,,,,,,,,,,,,,0.660724,,,,,21273047040,,0.08,,,,,,,,,Equity
XRP-USD,XRP USD,1.4286,89922093056,3112937216,2657277687,1.497256,1.424835,1.498436,1.4286,-0.068734,-4.590429,1.497334,2026-10-07,,,,,,,Cryptocurrency,XRP,,CCC,,,,false,false,true,https://xrpl.org/,,USD,,,,,,,2026-10-07T15:34:54+00:00,2026-10-07T15:34:54+00:00,,,,,,,,,,,,,,,,,,,,,,,,,,,,,Crypto
XRT,State Street SPDR S&P Retail ETF,82.769997,,805425,3735182,82.540001,82.43,82.889999,82.769997,-0.18,-0.216999,82.949997,2026-10-07,,,,12100200,15.585669,,,,"In seeking to track the performance of the S&P Retail Select Industry Index (the ""index""), the fund employs a sampling strategy. It generally invests substantially all, but at least 80%, of its total assets in the securities comprising the index. The index represents the retail segment of the S&P Total Market Index (""S&P TMI"").",PCX,,,,true,false,true,,,USD,,,,,,0.91,2026-10-07T15:34:55+00:00,2026-10-07T15:34:55+00:00,,,,,,,,,,,,,0.916307,,,,,435226752,,0.35,,,,,,,,,Equity
XTN,State Street SPDR S&P Transportation ETF,98.959999,,40951,64796,99.150002,98.870102,99.419899,98.959999,-1.220001,-1.217809,100.18,2026-10-07,,,,,16.482319,,,,"In seeking to track the performance of the S&P Transportation Select Industry Index (the ""index""), the fund employs a sampling strategy. It generally invests substantially all, but at least 80%, of its total assets in the securities comprising the index. The index represents the transportation segment of the S&P Total Market Index (""S&P TMI"").",PCX,,,,true,false,true,,,USD,,,,,,0.76,2026-10-07T15:34:57+00:00,2026-10-07T15:34:57+00:00,,,,,,,,,,,,,,,,,,296015456,,0.35,,,,,,,,,Equity
YM=F,Mini Dow Jones Indus.-$5 Dec 26,51254,,61521,73249,51837,51187,51860,51254,-562,-1.084607,51816,2026-10-07,,,,,,,Commodities & Futures,Equity Index Future,,CBT,,,,false,false,true,,,USD,,,,,,,2026-10-07T15:34:58+00:00,2026-10-07T15:34:58+00:00,,,,,,,,,,,,,,,,,,,,,,,,,,,,,Future
ZAR=X,USD/ZAR,16.637871,,0,0,16.52,16.511,16.729099,16.637871,-0.002649,-0.015921,16.64052,2026-10-07,,,,,,,Currencies,Foreign Exchange,,CCY,,,,false,false,true,,,ZAR,,,,,,,2026-10-07T15:35:01+00:00,2026-10-07T15:35:01+00:00,,,,,,,,,,,,,,,,,,,,,,,,,,,,,FX
ZB=F,"U.S. Treasury Bond Futures,Dec-",101.8125,,330318,437805,102.3125,101.15625,102.53125,101.8125,-0.71875,-0.701006,102.53125,2026-10-07,,,,,,,Commodities & Futures,Treasury Future,,CBT,,,,false,false,true,,,USD,,,,,,,2026-10-07T15:35:02+00:00,2026-10-07T15:35:02+00:00,,,,,,,,,,,,,,,,,,,,,,,,,,,,,Future
ZC=F,"Corn Futures,Dec-2026",502.75,,102159,141341,508.25,501.5,509.75,502.75,-5.25,-1.033465,508,2026-10-07,,,,,,,Commodities & Futures,Grains,,CBT,,,,false,false,true,,,USX,,,,,,,2026-10-07T15:35:03+00:00,2026-10-07T15:35:03+00:00,,,,,,,,,,,,,,,,,,,,,,,,,,,,,Future
ZF=F,"5-Year T-Note Futures,Dec-2026",103.53125,,870691,1064424,103.546875,103.28125,103.570312,103.53125,-0.046875,-0.045256,103.578125,2026-10-07,,,,,,,Commodities & Futures,Treasury Future,,CBT,,,,false,false,true,,,USD,,,,,,,2026-10-07T15:35:04+00:00,2026-10-07T15:35:04+00:00,,,,,,,,,,,,,,,,,,,,,,,,,,,,,Future
ZL=F,"Soybean Oil Futures,Dec-2026",68.139999,,45480,19916,69.900002,68.099998,70,68.139999,-1.440002,-2.069564,69.580002,2026-10-07,,,,,,,Commodities & Futures,Grains,,CBT,,,,false,false,true,,,USX,,,,,,,2026-10-07T15:35:05+00:00,2026-10-07T15:35:05+00:00,,,,,,,,,,,,,,,,,,,,,,,,,,,,,Future
ZM=F,Soybean Meal Futures,360.899994,,54384,20860,354.799988,354,361.5,360.899994,7.5,2.122241,353.399994,2026-10-07,,,,,,,Commodities & Futures,Grains,,CBT,,,,false,false,true,,,USD,,,,,,,2026-10-07T15:35:07+00:00,2026-10-07T15:35:07+00:00,,,,,,,,,,,,,,,,,,,,,,,,,,,,,Future
ZN=F,"10-Year T-Note Futures,Dec-2026",104.3125,,1417680,1739054,104.4375,103.953125,104.484375,104.3125,-0.1875,-0.179426,104.5,2026-10-07,,,,,,,Commodities & Futures,Treasury Future,,CBT,,,,false,false,true,,,USD,,,,,,,2026-10-07T15:35:08+00:00,2026-10-07T15:35:08+00:00,,,,,,,,,,,,,,,,,,,,,,,,,,,,,Future
ZO=F,"Oat Futures,Dec-2026",429.75,,400,182,431.25,427,446.5,429.75,-1,-0.232153,430.75,2026-10-07,,,,,,,Commodities & Futures,Grains,,CBT,,,,false,false,true,,,USX,,,,,,,2026-10-07T15:35:09+00:00,2026-10-07T15:35:09+00:00,,,,,,,,,,,,,,,,,,,,,,,,,,,,,Future
ZR=F,"Rough Rice Futures,Nov-2026",16.66,,413,670,16.299999,16.299999,16.674999,16.66,0.315001,1.927198,16.344999,2026-10-07,,,,,,,Commodities & Futures,Grains,,CBT,,,,false,false,true,,,USD,,,,,,,2026-10-07T15:35:11+00:00,2026-10-07T15:35:11+00:00,,,,,,,,,,,,,,,,,,,,,,,,,,,,,Future
ZS=F,"Soybean Futures,Nov-2026",1296.25,,87148,50976,1302.75,1295,1309,1296.25,-6.75,-0.518035,1303,2026-10-07,,,,,,,Commodities & Futures,Grains,,CBT,,,,false,false,true,,,USX,,,,,,,2026-10-07T15:35:12+00:00,2026-10-07T15:35:12+00:00,,,,,,,,,,,,,,,,,,,,,,,,,,,,,Future
ZSL,ProShares UltraShort Silver,28.041,,2753917,3249143,28.27,28.041,28.555,28.041,1.351,5.06182,26.690001,2026-10-07,,,,,,,,,"The fund seeks to meet its investment objective by investing under normal market conditions in any one of, or combinations of, Financial Instruments (including swap agreements, futures contracts and forward contracts) based on the fund’s benchmark.",PCX,,,,true,false,true,,,USD,,,,240-497-6400,,0,2026-10-07T15:35:13+00:00,2026-10-07T15:35:13+00:00,,,,,,,,,,,,,,,,,,91493504,,1.33,,,,,,,,,Equity
ZT=F,"2-Year T-Note Futures,Dec-2026",101.851562,,483782,755300,101.8125,101.746094,101.859375,101.851562,0.015625,0.015343,101.835938,2026-10-07,,,,,,,Commodities & Futures,Treasury Future,,CBT,,,,false,false,true,,,USD,,,,,,,2026-10-07T15:35:16+00:00,2026-10-07T15:35:16+00:00,,,,,,,,,,,,,,,,,,,,,,,,,,,,,Future
ZW=F,"Chicago SRW Wheat Futures,Dec-2",689.5,,32824,59556,704,689,706.5,689.5,-14.75,-2.094427,704.25,2026-10-07,,,,,,,Commodities & Futures,Grains,,CBT,,,,false,false,true,,,USX,,,,,,,2026-10-07T15:35:17+00:00,2026-10-07T15:35:17+00:00,,,,,,,,,,,,,,,,,,,,,,,,,,,,,Future
^VIX9D,CBOE S&P 500 9 Day Volatility I,12.58,,0,0,13.08,12.49,13.36,12.58,0.55,4.571905,12.03,2026-10-07,,,,,,,Indices,Volatility / Rates,,WCB,,,,false,false,true,,,USD,,,,,,,2026-10-07T15:35:18+00:00,2026-10-07T15:35:18+00:00,,,,,,,,,,,,,,,,,,,,,,,,,,,,,Index
^MOVE,Northern Trust iBoxx 5-Year Tar,105.304703,,0,0,106.593201,105.304703,107.701599,105.304703,0.104706,0.09953,105.199997,2026-10-07,,,,,,,Indices,Volatility / Rates,,NYS,,,,false,false,true,,,USD,,,,,,,2026-10-07T15:35:20+00:00,2026-10-07T15:35:20+00:00,,,,,,,,,,,,,,,,,,,,,,,,,,,,,Index
USDJPY=X,USD/JPY,158.110001,,0,0,158.095001,157.841995,158.511993,158.110001,0.147003,0.093062,157.962997,2026-10-07,,,,,,,Currencies,Foreign Exchange,,CCY,,,,false,false,true,,,JPY,,,,,,,2026-10-07T15:35:21+00:00,2026-10-07T15:35:21+00:00,,,,,,,,,,,,,,,,,,,,,,,,,,,,,FX
USDCAD=X,USD/CAD,1.42579,,0,0,1.42062,1.4202,1.42809,1.42579,-0.00058,-0.040668,1.42637,2026-10-07,,,,,,,Currencies,Foreign Exchange,,CCY,,,,false,false,true,,,CAD,,,,,,,2026-10-07T15:35:22+00:00,2026-10-07T15:35:22+00:00,,,,,,,,,,,,,,,,,,,,,,,,,,,,,FX
USDCHF=X,USD/CHF,0.83373,,0,0,0.83118,0.83061,0.8339,0.83373,0.00261,0.31403,0.83112,2026-10-07,,,,,,,Currencies,Foreign Exchange,,CCY,,,,false,false,true,,,CHF,,,,,,,2026-10-07T15:35:23+00:00,2026-10-07T15:35:23+00:00,,,,,,,,,,,,,,,,,,,,,,,,,,,,,FX
USDCNY=X,USD/CNY,6.6933,,0,0,6.6918,6.6918,6.7048,6.6933,-0.0112,-0.167058,6.7045,2026-10-07,,,,,,,Currencies,Foreign Exchange,,CCY,,,,false,false,true,,,CNY,,,,,,,2026-10-07T15:35:25+00:00,2026-10-07T15:35:25+00:00,,,,,,,,,,,,,,,,,,,,,,,,,,,,,FX
USDINR=X,USD/INR,96.764999,,0,0,96.360001,96.324997,96.849998,96.764999,0.422203,0.43823,96.342796,2026-10-07,,,,,,,Currencies,Foreign Exchange,,CCY,,,,false,false,true,,,INR,,,,,,,2026-10-07T15:35:26+00:00,2026-10-07T15:35:26+00:00,,,,,,,,,,,,,,,,,,,,,,,,,,,,,FX
USDMXN=X,USD/MXN,17.9911,,0,0,17.9491,17.945,18.121531,17.9911,-0.070499,-0.390328,18.0616,2026-10-07,,,,,,,Currencies,Foreign Exchange,,CCY,,,,false,false,true,,,MXN,,,,,,,2026-10-07T15:35:27+00:00,2026-10-07T15:35:27+00:00,,,,,,,,,,,,,,,,,,,,,,,,,,,,,FX
UUP,Invesco DB US Dollar Index Bullish Fund,29.051201,,268562,1735151,29.08,29.030001,29.08,29.051201,0.151201,0.523188,28.9,2026-10-07,,,,,,,,,"The fund invests in futures contracts in an attempt to track its index. The index is calculated to reflect the changes in market value over time, whether positive or negative, of long positions in DX Contracts.",PCX,,,,true,false,true,,,USD,,,,800-983-0903,,3.22,2026-10-07T15:35:29+00:00,2026-10-07T15:35:29+00:00,,,,,,,,,,,,,,,,,,431136608,,0.75,,,,,,,,,Equity
